timestamp,datetime_utc,total_flights,unique_routes,countries,airports,airlines,avg_duration_min,total_distance_km,total_co2_tonnes,avg_distance_km
1774763390,2026-03-29 05:49:50,434,393,55,100,50,76,307551.7,5305.27,866
1774765174,2026-03-29 06:19:34,1375,1161,72,100,50,77,997333.4,17204.0,868
1774767787,2026-03-29 07:03:07,1417,1187,75,100,50,77,1031914.7,17800.53,869
1774770460,2026-03-29 07:47:40,1473,1221,75,100,50,78,1082022.7,18664.89,873
1774773230,2026-03-29 08:33:50,1531,1264,80,100,50,79,1169395.2,20172.07,903
1774776182,2026-03-29 09:23:02,1574,1290,81,100,50,80,1216573.7,20985.9,913
1774778660,2026-03-29 10:04:20,1623,1326,82,100,50,82,1284380.1,22155.56,931
1774780798,2026-03-29 10:39:58,1676,1361,84,100,50,82,1354916.5,23372.31,948
1774783385,2026-03-29 11:23:05,1734,1401,85,100,50,83,1407138.4,24273.14,948
1774784658,2026-03-29 11:44:18,1766,1426,85,100,50,82,1436880.2,24786.18,948
1774787017,2026-03-29 12:23:37,1862,1493,86,100,50,83,1525333.7,26312.01,950
1774791771,2026-03-29 13:42:51,1946,1550,87,100,50,83,1588119.1,27395.05,948
1774794714,2026-03-29 14:31:54,2045,1617,88,100,50,82,1638621.6,28266.22,932
1774796516,2026-03-29 15:01:56,2117,1669,89,100,50,82,1691106.6,29171.59,929
1774798585,2026-03-29 15:36:25,2216,1737,89,100,50,81,1755539.4,30283.05,922
1774800326,2026-03-29 16:05:26,2315,1806,90,100,50,80,1809098.9,31206.96,910
1774802967,2026-03-29 16:49:27,2432,1891,92,100,50,80,1897639.2,32734.28,910
1774805576,2026-03-29 17:32:56,2564,1977,92,100,50,80,1993249.2,34383.55,908
1774807808,2026-03-29 18:10:08,2685,2063,93,100,50,80,2084485.0,35957.37,907
1774810527,2026-03-29 18:55:27,2828,2157,93,100,50,80,2194068.9,37847.69,906
1774812196,2026-03-29 19:23:16,2953,2248,93,100,50,80,2269506.5,39148.99,900
1774814520,2026-03-29 20:02:00,3050,2318,95,100,50,79,2333099.8,40245.97,898
1774816520,2026-03-29 20:35:20,3166,2407,95,100,50,79,2421612.9,41772.82,898
1774818691,2026-03-29 21:11:31,3259,2473,96,100,50,80,2508579.4,43273.0,904
1774820423,2026-03-29 21:40:23,3333,2519,96,100,50,80,2554823.5,44070.7,900
1774823353,2026-03-29 22:29:13,3427,2575,98,100,50,80,2627302.6,45320.97,903
1774825175,2026-03-29 22:59:35,3504,2627,98,100,50,80,2676887.2,46176.3,901
1774827108,2026-03-29 23:31:48,3585,2669,99,100,50,79,2726294.3,47028.58,897
1774834090,2026-03-30 01:28:10,3711,2738,99,100,50,79,2788700.9,48105.09,887
1774844426,2026-03-30 04:20:26,3787,2780,99,100,50,79,2837455.7,48946.11,884
1774850579,2026-03-30 06:02:59,3856,2816,99,100,50,78,2872932.6,49558.09,879
1774857124,2026-03-30 07:52:04,3951,2865,101,100,50,79,2995942.0,51680.0,893
1774862755,2026-03-30 09:25:55,4027,2907,102,100,50,80,3098850.1,53455.16,904
1774865650,2026-03-30 10:14:10,4096,2942,102,100,50,80,3159939.2,54508.95,906
1774870198,2026-03-30 11:29:58,4174,2991,102,100,50,80,3215988.4,55475.8,903
1774873461,2026-03-30 12:24:21,4276,3042,102,100,50,79,3282062.3,56615.57,898
1774879803,2026-03-30 14:10:03,4419,3134,102,100,50,79,3351959.3,57821.3,889
1774884951,2026-03-30 15:35:51,4583,3246,102,100,50,78,3431953.7,59201.2,880
1774887832,2026-03-30 16:23:52,4735,3333,102,100,50,77,3515042.9,60634.49,874
1774891472,2026-03-30 17:24:32,4904,3433,102,100,50,77,3619404.3,62434.72,871
1774895124,2026-03-30 18:25:24,5055,3519,102,100,50,77,3707169.0,63948.67,867
1774898328,2026-03-30 19:18:48,5206,3601,102,100,50,76,3797196.6,65501.64,863
1774901841,2026-03-30 20:17:21,5325,3666,102,100,50,77,3916454.3,67558.84,871
1774904690,2026-03-30 21:04:50,5445,3739,103,100,50,77,3999513.8,68991.61,872
1774907356,2026-03-30 21:49:16,5545,3788,103,100,50,76,4051228.2,69883.69,868
1774910243,2026-03-30 22:37:23,5649,3849,103,100,50,77,4153566.8,71649.03,875
1774912727,2026-03-30 23:18:47,5733,3892,103,100,50,76,4207846.8,72585.36,874
1774914464,2026-03-30 23:47:44,5808,3924,103,100,50,76,4250724.4,73325.0,872
1774926680,2026-03-31 03:11:20,5902,3972,103,100,50,77,4314588.1,74426.65,871
1774933658,2026-03-31 05:07:38,5978,4006,104,100,50,77,4374876.0,75466.61,872
1774939231,2026-03-31 06:40:31,6036,4037,104,100,50,77,4402352.4,75940.58,870
1774943212,2026-03-31 07:46:52,6146,4081,105,100,50,76,4482794.4,77328.2,868
1774946859,2026-03-31 08:47:39,6229,4124,105,100,50,76,4559091.0,78644.32,870
1774950790,2026-03-31 09:53:10,6299,4144,105,100,50,77,4624762.7,79777.16,872
1774954868,2026-03-31 11:01:08,6368,4178,105,100,50,77,4691024.6,80920.17,874
1774957754,2026-03-31 11:49:14,6433,4211,105,100,50,77,4753459.7,81997.18,877
1774964985,2026-03-31 13:49:45,6557,4279,105,100,50,77,4824868.9,83228.99,874
1774969497,2026-03-31 15:04:57,6706,4371,105,100,50,77,4915131.8,84786.02,870
1774973168,2026-03-31 16:06:08,6828,4444,105,100,50,76,4988833.2,86057.37,868
1774977338,2026-03-31 17:15:38,6992,4526,106,100,50,76,5100499.6,87983.62,867
1774980917,2026-03-31 18:15:17,7149,4620,106,100,50,76,5186624.7,89469.28,863
1774984709,2026-03-31 19:18:29,7308,4716,106,100,50,76,5292448.3,91294.73,861
1774987602,2026-03-31 20:06:42,7423,4777,106,100,50,75,5359665.5,92454.23,860
1774990135,2026-03-31 20:48:55,7522,4831,106,100,50,75,5428946.0,93649.32,860
1774993157,2026-03-31 21:39:17,7624,4884,107,100,50,75,5481596.0,94557.53,857
1774995306,2026-03-31 22:15:06,7701,4923,107,100,50,75,5515727.8,95146.3,855
1774997372,2026-03-31 22:49:32,7750,4941,107,100,50,75,5539523.7,95556.78,853
1775000137,2026-03-31 23:35:37,7858,4986,107,100,50,75,5601683.3,96629.04,851
1775005033,2026-04-01 00:57:13,7977,5042,107,100,50,74,5647780.7,97424.22,846
1775016316,2026-04-01 04:05:16,8064,5069,107,100,50,74,5721734.6,98699.92,848
1775023057,2026-04-01 05:57:37,8136,5089,107,100,50,74,5762939.0,99410.7,847
1775028135,2026-04-01 07:22:15,8232,5126,107,100,50,74,5811791.7,100253.41,843
1775033519,2026-04-01 08:51:59,8306,5152,107,100,50,74,5854489.7,100989.95,842
1775037494,2026-04-01 09:58:14,8401,5194,107,100,50,74,5928334.4,102263.77,842
1775039605,2026-04-01 10:33:25,8499,5238,107,100,50,74,6003794.6,103565.46,842
1775043567,2026-04-01 11:39:27,8592,5277,107,100,50,74,6077261.2,104832.76,842
1775051186,2026-04-01 13:46:26,8726,5334,107,100,50,74,6181094.8,106623.89,844
1775056914,2026-04-01 15:21:54,8898,5420,107,100,50,74,6251423.2,107837.05,838
1775060775,2026-04-01 16:26:15,9039,5490,108,100,50,74,6342650.0,109410.71,838
1775063947,2026-04-01 17:19:07,9188,5566,109,100,50,74,6450090.2,111264.06,838
1775067929,2026-04-01 18:25:29,9351,5639,109,100,50,74,6540408.8,112822.05,836
1775071999,2026-04-01 19:33:19,9495,5710,111,100,50,74,6620713.4,114207.31,834
1775074717,2026-04-01 20:18:37,9613,5772,111,100,50,74,6711744.1,115777.59,835
1775077302,2026-04-01 21:01:42,9742,5842,111,100,50,74,6822117.8,117681.53,837
1775080017,2026-04-01 21:46:57,9823,5877,111,100,50,74,6880729.6,118692.59,838
1775083124,2026-04-01 22:38:44,9928,5935,111,100,50,74,6984184.7,120477.19,842
1775086070,2026-04-01 23:27:50,10014,5971,111,100,50,74,7061314.7,121807.68,844
1775086912,2026-04-01 23:41:52,10073,5999,111,100,50,74,7093464.5,122362.26,842
1775098803,2026-04-02 03:00:03,10160,6029,111,100,50,74,7142391.3,123206.25,841
1775106282,2026-04-02 05:04:42,10236,6050,111,100,50,74,7229936.3,124716.4,845
1775111071,2026-04-02 06:24:31,10306,6075,111,100,50,75,7304191.2,125997.3,847
1775115673,2026-04-02 07:41:13,10401,6106,111,100,50,75,7411895.9,127855.2,851
1775119557,2026-04-02 08:45:57,10482,6144,111,100,50,75,7512914.9,129597.78,855
1775123823,2026-04-02 09:57:03,10595,6198,111,100,50,75,7605119.5,131188.31,856
1775126653,2026-04-02 10:44:13,10685,6228,111,100,50,75,7665785.5,132234.8,855
1775130003,2026-04-02 11:40:03,10761,6260,111,100,50,75,7740793.0,133528.68,857
1775136623,2026-04-02 13:30:23,10882,6307,111,100,50,75,7830064.3,135068.61,857
1775139985,2026-04-02 14:26:25,11002,6368,111,100,50,75,7904887.0,136359.3,856
1775143291,2026-04-02 15:21:31,11164,6457,111,100,50,75,8016265.6,138280.58,855
1775147301,2026-04-02 16:28:21,11328,6542,111,100,50,75,8109883.1,139895.48,853
1775150619,2026-04-02 17:23:39,11489,6622,111,100,50,75,8196755.2,141394.03,851
1775154052,2026-04-02 18:20:52,11643,6687,111,100,50,75,8318795.0,143499.21,853
1775157459,2026-04-02 19:17:39,11806,6775,111,100,50,75,8452629.6,145807.86,854
1775159587,2026-04-02 19:53:07,11889,6818,111,100,50,75,8501906.5,146657.89,853
1775162329,2026-04-02 20:38:49,12022,6896,111,100,50,75,8636179.4,148974.09,857
1775164798,2026-04-02 21:19:58,12123,6946,111,100,50,75,8716714.4,150363.32,858
1775166393,2026-04-02 21:46:33,12205,6986,111,100,50,75,8781288.4,151477.23,859
1775169480,2026-04-02 22:38:00,12310,7039,111,100,50,75,8873474.6,153067.44,860
1775171298,2026-04-02 23:08:18,12389,7080,111,100,50,75,8960817.0,154574.09,863
1775173571,2026-04-02 23:46:11,12473,7123,111,100,50,75,9016887.6,155541.31,863
1775184075,2026-04-03 02:41:15,12567,7161,111,100,50,76,9089192.9,156788.58,863
1775190334,2026-04-03 04:25:34,12628,7178,111,100,50,75,9126731.9,157436.13,862
1775197058,2026-04-03 06:17:38,12705,7203,111,100,50,75,9169320.7,158170.78,860
1775200807,2026-04-03 07:20:07,12777,7222,111,100,50,75,9209249.2,158859.55,859
1775203681,2026-04-03 08:08:01,12836,7237,111,100,50,75,9251027.3,159580.22,859
1775207905,2026-04-03 09:18:25,12915,7273,111,100,50,75,9306503.7,160537.19,858
1775210530,2026-04-03 10:02:10,12988,7293,111,100,50,75,9362939.0,161510.7,858
1775214134,2026-04-03 11:02:14,13058,7320,111,100,50,75,9418864.0,162475.4,858
1775216775,2026-04-03 11:46:15,13111,7343,111,100,50,75,9462234.0,163223.54,858
1775221264,2026-04-03 13:01:04,13197,7372,111,100,50,75,9515866.5,164148.7,857
1775223608,2026-04-03 13:40:08,13285,7408,111,100,50,75,9581945.1,165288.55,857
1775227852,2026-04-03 14:50:52,13390,7454,111,100,50,75,9642697.8,166336.54,856
1775230352,2026-04-03 15:32:32,13515,7520,111,100,50,75,9735248.5,167933.04,857
1775232740,2026-04-03 16:12:20,13624,7570,112,100,50,75,9808021.2,169188.37,856
1775234904,2026-04-03 16:48:24,13722,7625,112,100,50,75,9872534.9,170301.23,855
1775237832,2026-04-03 17:37:12,13847,7682,112,100,50,75,9964692.4,171890.94,855
1775240879,2026-04-03 18:27:59,14009,7752,112,100,50,75,10076665.8,173822.49,855
1775243813,2026-04-03 19:16:53,14143,7802,112,100,50,75,10149959.5,175086.8,853
1775245711,2026-04-03 19:48:31,14232,7843,112,100,50,75,10210786.5,176136.07,853
1775248801,2026-04-03 20:40:01,14346,7900,112,100,50,75,10288843.2,177482.54,853
1775250626,2026-04-03 21:10:26,14436,7946,112,100,50,75,10353527.9,178598.36,853
1775252628,2026-04-03 21:43:48,14519,7978,112,100,50,75,10411352.3,179595.83,853
1775255508,2026-04-03 22:31:48,14622,8019,112,100,50,75,10487969.7,180917.48,853
1775257312,2026-04-03 23:01:52,14700,8052,112,100,50,75,10537482.3,181771.57,853
1775259368,2026-04-03 23:36:08,14774,8081,112,100,50,75,10575495.3,182427.29,851
1775268108,2026-04-04 02:01:48,14870,8120,112,100,50,75,10635482.3,183462.07,850
1775275562,2026-04-04 04:06:02,14936,8136,112,100,50,75,10700787.3,184588.58,852
1775279544,2026-04-04 05:12:24,14978,8148,112,100,50,75,10734661.3,185172.91,852
1775284268,2026-04-04 06:31:08,15032,8166,112,100,50,75,10783426.6,186014.11,853
1775287370,2026-04-04 07:22:50,15094,8185,112,100,50,75,10835115.2,186905.74,853
1775290193,2026-04-04 08:09:53,15146,8199,112,100,50,75,10881928.7,187713.27,853
1775291192,2026-04-04 08:26:32,15200,8217,112,100,50,75,10915479.6,188292.02,853
1775294560,2026-04-04 09:22:40,15257,8237,112,100,50,75,10972936.2,189283.15,854
1775296821,2026-04-04 10:00:21,15316,8259,112,100,50,75,11021549.8,190121.73,854
1775299907,2026-04-04 10:51:47,15373,8279,112,100,50,75,11071910.3,190990.45,854
1775301820,2026-04-04 11:23:40,15437,8305,112,100,50,75,11123256.5,191876.17,855
1775301820,2026-04-04 11:23:40,15471,8325,112,100,50,75,11153445.6,192396.94,855
1775306770,2026-04-04 12:46:10,15563,8358,112,100,50,75,11207508.3,193329.52,854
1775310144,2026-04-04 13:42:24,15650,8388,112,100,50,75,11277634.4,194539.19,854
1775313348,2026-04-04 14:35:48,15746,8420,112,100,50,75,11340542.9,195624.36,854
1775315148,2026-04-04 15:05:48,15830,8458,112,100,50,75,11394760.4,196559.62,853
1775316905,2026-04-04 15:35:05,15931,8506,112,100,50,75,11463495.3,197745.29,853
1775319075,2026-04-04 16:11:15,16025,8551,112,100,50,75,11510816.4,198561.58,851
1775321041,2026-04-04 16:44:01,16129,8592,113,100,50,74,11582871.8,199804.54,851
1775323992,2026-04-04 17:33:12,16255,8645,113,100,50,75,11684700.5,201561.08,852
1775326213,2026-04-04 18:10:13,16345,8686,113,100,50,75,11760983.0,202876.96,853
1775328476,2026-04-04 18:47:56,16470,8736,113,100,50,75,11852264.4,204451.56,853
1775330920,2026-04-04 19:28:40,16598,8781,113,100,50,75,11967706.5,206442.94,855
1775331834,2026-04-04 19:43:54,16654,8801,113,100,50,75,12012302.5,207212.22,855
1775334979,2026-04-04 20:36:19,16783,8854,113,100,50,75,12143890.3,209482.11,858
1775336032,2026-04-04 20:53:52,16844,8881,113,100,50,75,12195881.7,210378.96,858
1775338517,2026-04-04 21:35:17,16912,8901,113,100,50,75,12241766.9,211170.48,858
1775340241,2026-04-04 22:04:01,16967,8920,113,100,50,75,12295924.3,212104.69,859
1775342129,2026-04-04 22:35:29,17039,8954,113,100,50,75,12354075.6,213107.8,860
1775344322,2026-04-04 23:12:02,17088,8977,113,100,50,75,12397671.5,213859.83,860
1775346219,2026-04-04 23:43:39,17142,8992,113,100,50,75,12438803.5,214569.36,860
1775357887,2026-04-05 02:58:07,17204,9007,113,100,50,75,12469132.4,215092.53,859
1775365897,2026-04-05 05:11:37,17265,9022,113,100,50,75,12550207.5,216491.08,861
1775369754,2026-04-05 06:15:54,17335,9038,113,100,50,76,12621885.4,217727.52,863
1775373393,2026-04-05 07:16:33,17396,9060,113,100,50,76,12676375.5,218667.48,863
1775375977,2026-04-05 07:59:37,17455,9081,114,100,50,76,12716634.2,219361.94,863
1775379208,2026-04-05 08:53:28,17529,9101,114,100,50,76,12796913.7,220746.76,864
1775379933,2026-04-05 09:05:33,17584,9112,114,100,50,76,12872350.4,222048.04,866
1775384545,2026-04-05 10:22:25,17647,9134,114,100,50,76,12934239.9,223115.64,867
1775386157,2026-04-05 10:49:17,17698,9149,114,100,50,76,12994338.7,224152.34,869
1775389005,2026-04-05 11:36:45,17740,9157,114,100,50,76,13031597.8,224795.06,869
1775390155,2026-04-05 11:55:55,17794,9171,114,100,50,76,13088336.5,225773.8,870
1775395219,2026-04-05 13:20:19,17889,9204,114,100,50,76,13166556.2,227123.09,870
1775397267,2026-04-05 13:54:27,17980,9241,114,100,50,76,13230257.4,228221.94,870
1775399715,2026-04-05 14:35:15,18043,9258,114,100,50,76,13269624.8,228901.03,869
1775402990,2026-04-05 15:29:50,18144,9296,114,100,50,76,13332526.9,229986.09,868
1775405051,2026-04-05 16:04:11,18243,9324,115,100,50,76,13392763.5,231025.17,867
1775405051,2026-04-05 16:04:11,18243,9324,115,100,50,76,13392763.5,231025.17,867
1775409494,2026-04-05 17:18:14,18397,9386,115,100,50,76,13501481.0,232900.55,868
1775411314,2026-04-05 17:48:34,18474,9415,115,100,50,76,13557853.6,233872.97,868
1775414851,2026-04-05 18:47:31,18630,9478,115,100,50,76,13676815.1,235925.06,867
1775416538,2026-04-05 19:15:38,18741,9528,115,100,50,76,13751819.9,237218.89,867
1775419338,2026-04-05 20:02:18,18830,9567,115,100,50,76,13827895.4,238531.2,868
1775421250,2026-04-05 20:34:10,18929,9603,115,100,50,76,13893360.9,239660.47,867
1775423704,2026-04-05 21:15:04,19018,9637,115,100,50,76,13959122.7,240794.87,867
1775425636,2026-04-05 21:47:16,19085,9661,115,100,50,76,13999269.6,241487.4,867
1775425636,2026-04-05 21:47:16,19085,9661,115,100,50,76,13999269.6,241487.4,867
1775430187,2026-04-05 23:03:07,19206,9730,115,100,50,76,14069806.9,242704.17,866
1775432248,2026-04-05 23:37:28,19293,9765,115,100,50,76,14124537.1,243648.26,866
1775441688,2026-04-06 02:14:48,19374,9793,115,100,50,76,14169811.7,244429.25,865
1775441688,2026-04-06 02:14:48,19374,9793,115,100,50,76,14169811.7,244429.25,865
1775457302,2026-04-06 06:35:02,19453,9812,115,100,50,76,14222239.9,245333.64,864
1775463643,2026-04-06 08:20:43,19521,9831,115,100,50,76,14280882.8,246345.23,865
1775468593,2026-04-06 09:43:13,19612,9866,115,100,50,76,14335282.9,247283.63,864
1775472137,2026-04-06 10:42:17,19685,9882,115,100,50,76,14398224.9,248369.38,864
1775474461,2026-04-06 11:21:01,19755,9906,116,100,50,76,14455103.0,249350.53,864
1775480751,2026-04-06 13:05:51,19855,9944,116,100,50,76,14523280.1,250526.58,864
1775480751,2026-04-06 13:05:51,19855,9944,116,100,50,76,14523280.1,250526.58,864
1775486824,2026-04-06 14:47:04,20013,10030,116,100,50,76,14608938.3,252004.19,863
1775490540,2026-04-06 15:49:00,20168,10098,116,100,50,76,14698639.6,253551.53,862
1775490540,2026-04-06 15:49:00,20168,10098,116,100,50,76,14698639.6,253551.53,862
1775490540,2026-04-06 15:49:00,20168,10098,116,100,50,76,14698639.6,253551.53,862
1775502057,2026-04-06 19:00:57,20387,10192,116,100,50,76,14843103.2,256043.53,862
1775504184,2026-04-06 19:36:24,20531,10263,116,100,50,76,14936136.1,257648.35,861
1775506472,2026-04-06 20:14:32,20669,10324,116,100,50,76,15029618.0,259260.91,860
1775510459,2026-04-06 21:20:59,20793,10379,116,100,50,76,15118821.5,260799.67,861
1775512179,2026-04-06 21:49:39,20885,10418,116,100,50,76,15181698.0,261884.29,860
1775514753,2026-04-06 22:32:33,21006,10471,116,100,50,76,15262329.1,263275.18,860
1775517489,2026-04-06 23:18:09,21094,10512,116,100,50,76,15316553.7,264210.55,860
1775518910,2026-04-06 23:41:50,21173,10533,116,100,50,76,15367831.2,265095.09,859
1775518910,2026-04-06 23:41:50,21173,10533,116,100,50,76,15367831.2,265095.09,859
1775537766,2026-04-07 04:56:06,21237,10553,116,100,50,76,15408055.0,265788.95,859
1775543537,2026-04-07 06:32:17,21321,10583,116,100,50,76,15460483.0,266693.33,858
1775547945,2026-04-07 07:45:45,21414,10607,116,100,50,76,15524724.8,267801.5,858
1775552840,2026-04-07 09:07:20,21522,10651,116,100,50,76,15606182.9,269206.65,858
1775557676,2026-04-07 10:27:56,21614,10684,117,100,50,76,15665473.8,270229.42,857
1775561232,2026-04-07 11:27:12,21716,10721,118,100,50,76,15730720.0,271354.92,857
1775564711,2026-04-07 12:25:11,21811,10764,118,100,50,76,15798706.0,272527.68,856
1775564711,2026-04-07 12:25:11,21811,10764,118,100,50,76,15798706.0,272527.68,856
1775564711,2026-04-07 12:25:11,21811,10764,118,100,50,76,15798706.0,272527.68,856
1775564711,2026-04-07 12:25:11,21811,10764,118,100,50,76,15798706.0,272527.68,856
1775582721,2026-04-07 17:25:21,21858,10791,118,100,50,75,15803508.2,272610.52,856
1775582721,2026-04-07 17:25:21,21858,10791,118,100,50,75,15803508.2,272610.52,856
1775590416,2026-04-07 19:33:36,22045,10869,118,100,50,75,15874852.4,273841.2,853
1775590416,2026-04-07 19:33:36,22045,10869,118,100,50,75,15874852.4,273841.2,853
1775590416,2026-04-07 19:33:36,22045,10869,118,100,50,75,15874852.4,273841.2,853
1775598538,2026-04-07 21:48:58,22203,10952,118,100,50,75,15963314.0,275367.17,852
1775601872,2026-04-07 22:44:32,22329,11009,118,100,50,75,16041987.3,276724.28,852
1775604501,2026-04-07 23:28:21,22424,11044,118,100,50,75,16091719.5,277582.16,851
1775609545,2026-04-08 00:52:25,22526,11081,118,100,50,75,16131938.5,278275.94,849
1775620238,2026-04-08 03:50:38,22623,11115,119,100,50,75,16205790.0,279549.88,850
1775627171,2026-04-08 05:46:11,22708,11142,119,100,50,75,16266943.5,280604.78,850
1775632995,2026-04-08 07:23:15,22817,11168,119,100,50,75,16351723.4,282067.23,850
1775637238,2026-04-08 08:33:58,22902,11196,119,100,50,75,16450933.9,283778.61,851
1775641090,2026-04-08 09:38:10,22989,11225,119,100,50,75,16524957.5,285055.52,852
1775644393,2026-04-08 10:33:13,23100,11257,119,100,50,75,16630965.7,286884.16,853
1775648682,2026-04-08 11:44:42,23198,11281,119,100,50,75,16702846.5,288124.1,853
1775655260,2026-04-08 13:34:20,23349,11352,119,100,50,75,16804195.6,289872.37,853
1775661062,2026-04-08 15:11:02,23528,11433,119,100,50,75,16910590.4,291707.68,852
1775661062,2026-04-08 15:11:02,23528,11433,119,100,50,75,16910590.4,291707.68,852
1775661062,2026-04-08 15:11:02,23528,11433,119,100,50,75,16910590.4,291707.68,852
1775673853,2026-04-08 18:44:13,23728,11522,119,100,50,75,17012479.1,293465.26,850
1775673853,2026-04-08 18:44:13,23728,11522,119,100,50,75,17012479.1,293465.26,850
1775680958,2026-04-08 20:42:38,23918,11605,119,100,50,75,17150951.6,295853.91,851
1775684392,2026-04-08 21:39:52,24057,11671,119,100,50,75,17246630.2,297504.37,851
1775686973,2026-04-08 22:22:53,24176,11723,119,100,50,75,17325546.6,298865.68,851
1775689149,2026-04-08 22:59:09,24271,11756,119,100,50,75,17397880.7,300113.44,852
1775691928,2026-04-08 23:45:28,24361,11786,119,100,50,75,17456044.0,301116.76,851
1775704055,2026-04-09 03:07:35,24471,11809,119,100,50,75,17518355.5,302191.63,851
1775710984,2026-04-09 05:03:04,24548,11832,119,100,50,75,17601846.7,303631.86,852
1775710984,2026-04-09 05:03:04,24548,11832,119,100,50,75,17601846.7,303631.86,852
1775721457,2026-04-09 07:57:37,24658,11870,119,100,50,75,17687155.8,305103.44,852
1775727027,2026-04-09 09:30:27,24770,11915,119,100,50,75,17815982.3,307325.69,854
1775727027,2026-04-09 09:30:27,24770,11915,119,100,50,75,17815982.3,307325.69,854
1775734351,2026-04-09 11:32:31,24874,11950,119,100,50,75,17915693.3,309045.71,855
1775738316,2026-04-09 12:38:36,24965,11982,119,100,50,75,17992350.9,310368.05,855
1775744808,2026-04-09 14:26:48,25123,12049,119,100,50,75,18065071.5,311622.48,854
1775744808,2026-04-09 14:26:48,25123,12049,119,100,50,75,18065071.5,311622.48,854
1775755151,2026-04-09 17:19:11,25334,12134,119,100,50,75,18171626.4,313460.56,852
1775759104,2026-04-09 18:25:04,25522,12210,119,100,50,75,18287283.4,315455.64,851
1775763306,2026-04-09 19:35:06,25720,12287,119,100,50,75,18394119.0,317298.55,850
1775763306,2026-04-09 19:35:06,25720,12287,119,100,50,75,18394119.0,317298.55,850
1775769334,2026-04-09 21:15:34,25903,12384,119,100,50,75,18499882.0,319122.97,849
1775771490,2026-04-09 21:51:30,25988,12415,119,100,50,75,18549805.1,319984.14,849
1775774890,2026-04-09 22:48:10,26088,12455,119,100,50,75,18639424.4,321530.07,850
1775777609,2026-04-09 23:33:29,26184,12500,119,100,50,75,18704615.5,322654.62,850
1775777609,2026-04-09 23:33:29,26184,12500,119,100,50,75,18704615.5,322654.62,850
1775794139,2026-04-10 04:08:59,26280,12533,119,100,50,75,18770399.2,323789.39,850
1775800503,2026-04-10 05:55:03,26341,12547,119,100,50,75,18806841.1,324418.01,850
1775805915,2026-04-10 07:25:15,26412,12562,119,100,50,75,18847878.4,325125.9,849
1775811451,2026-04-10 08:57:31,26485,12589,119,100,50,75,18888194.7,325821.36,849
1775816302,2026-04-10 10:18:22,26566,12613,119,100,50,75,18935484.9,326637.11,848
1775816302,2026-04-10 10:18:22,26566,12613,119,100,50,75,18935484.9,326637.11,848
1775821979,2026-04-10 11:52:59,26647,12633,119,100,50,75,18990141.1,327579.93,848
1775821979,2026-04-10 11:52:59,26647,12633,119,100,50,75,18990141.1,327579.93,848
1775831357,2026-04-10 14:29:17,26781,12676,120,100,50,75,19059392.6,328774.52,847
1775834466,2026-04-10 15:21:06,26900,12722,120,100,50,75,19115164.8,329736.59,846
1775838052,2026-04-10 16:20:52,27031,12774,120,100,50,74,19173239.4,330738.38,844
1775838052,2026-04-10 16:20:52,27031,12774,120,100,50,74,19173239.4,330738.38,844
1775845114,2026-04-10 18:18:34,27246,12858,120,100,50,74,19285143.3,332668.72,843
1775848505,2026-04-10 19:15:05,27429,12926,120,100,50,74,19385265.1,334395.82,842
1775850023,2026-04-10 19:40:23,27551,12976,120,100,50,74,19452836.8,335561.43,841
1775853570,2026-04-10 20:39:30,27676,13026,120,100,50,74,19555833.3,337338.12,842
1775853570,2026-04-10 20:39:30,27676,13026,120,100,50,74,19555833.3,337338.12,842
1775858217,2026-04-10 21:56:57,27816,13087,120,100,50,74,19655313.6,339054.16,842
1775858217,2026-04-10 21:56:57,27816,13087,120,100,50,74,19655313.6,339054.16,842
1775863628,2026-04-10 23:27:08,27936,13141,120,100,50,74,19715156.1,340086.44,842
1775868130,2026-04-11 00:42:10,28061,13192,120,100,50,74,19765802.9,340960.1,840
1775868130,2026-04-11 00:42:10,28061,13192,120,100,50,74,19765802.9,340960.1,840
1775883625,2026-04-11 05:00:25,28135,13212,120,100,50,74,19801890.3,341582.61,840
1775883625,2026-04-11 05:00:25,28135,13212,120,100,50,74,19801890.3,341582.61,840
1775892229,2026-04-11 07:23:49,28211,13228,120,100,50,74,19866536.4,342697.75,840
1775893769,2026-04-11 07:49:29,28270,13242,120,100,50,74,19912738.2,343494.73,840
1775893769,2026-04-11 07:49:29,28270,13242,120,100,50,74,19912738.2,343494.73,840
1775900451,2026-04-11 09:40:51,28361,13271,120,100,50,74,19974845.2,344566.08,840
1775900451,2026-04-11 09:40:51,28361,13271,120,100,50,74,19974845.2,344566.08,840
1775904497,2026-04-11 10:48:17,28477,13300,120,100,50,74,20081979.1,346414.14,841
1775906394,2026-04-11 11:19:54,28520,13307,120,100,50,74,20139887.8,347413.06,842
1775909402,2026-04-11 12:10:02,28579,13325,120,100,50,74,20185763.5,348204.42,842
1775913632,2026-04-11 13:20:32,28681,13347,120,100,50,74,20238171.0,349108.45,841
1775913632,2026-04-11 13:20:32,28681,13347,120,100,50,74,20238171.0,349108.45,841
1775918880,2026-04-11 14:48:00,28812,13390,120,100,50,74,20326720.1,350635.92,841
1775921359,2026-04-11 15:29:19,28917,13429,120,100,50,74,20398212.5,351869.17,841
1775921359,2026-04-11 15:29:19,28917,13429,120,100,50,74,20398212.5,351869.17,841
1775925696,2026-04-11 16:41:36,29085,13497,120,100,50,74,20518118.1,353937.54,841
1775925696,2026-04-11 16:41:36,29085,13497,120,100,50,74,20518118.1,353937.54,841
1775931075,2026-04-11 18:11:15,29249,13550,120,100,50,74,20615416.8,355615.94,841
1775933786,2026-04-11 18:56:26,29360,13578,120,100,50,74,20698097.1,357042.17,841
1775936279,2026-04-11 19:37:59,29463,13614,120,100,50,74,20771440.7,358307.35,841
1775937844,2026-04-11 20:04:04,29530,13642,120,100,50,74,20823814.9,359210.81,841
1775939512,2026-04-11 20:31:52,29597,13664,120,100,50,74,20898231.5,360494.49,842
1775942618,2026-04-11 21:23:38,29683,13693,120,100,50,74,20975031.7,361819.3,843
1775943834,2026-04-11 21:43:54,29726,13705,120,100,50,74,21003578.7,362311.73,843
1775946733,2026-04-11 22:32:13,29801,13731,120,100,50,74,21085732.0,363728.88,844
1775946733,2026-04-11 22:32:13,29801,13731,120,100,50,74,21085732.0,363728.88,844
1775950705,2026-04-11 23:38:25,29881,13762,120,100,50,74,21163280.4,365066.59,845
1775963584,2026-04-12 03:13:04,29953,13773,120,100,50,74,21201362.1,365723.5,845
1775970856,2026-04-12 05:14:16,30026,13791,120,100,50,74,21268635.5,366883.96,845
1775970856,2026-04-12 05:14:16,30026,13791,120,100,50,74,21268635.5,366883.96,845
1775970856,2026-04-12 05:14:16,30026,13791,120,100,50,74,21268635.5,366883.96,845
1775983931,2026-04-12 08:52:11,30105,13813,120,100,50,75,21343493.2,368175.26,846
1775987052,2026-04-12 09:44:12,30187,13836,120,100,50,75,21424845.1,369578.58,847
1775987052,2026-04-12 09:44:12,30187,13836,120,100,50,75,21424845.1,369578.58,847
1775991361,2026-04-12 10:56:01,30287,13862,120,100,50,75,21537090.7,371514.81,848
1775991361,2026-04-12 10:56:01,30287,13862,120,100,50,75,21537090.7,371514.81,848
1775999321,2026-04-12 13:08:41,30405,13892,120,100,50,75,21605479.7,372694.52,847
1776001654,2026-04-12 13:47:34,30489,13918,120,100,50,75,21659974.4,373634.56,847
1776004626,2026-04-12 14:37:06,30577,13946,120,100,50,75,21747743.3,375148.57,848
1776007394,2026-04-12 15:23:14,30670,13982,120,100,50,75,21810432.9,376229.97,848
1776007394,2026-04-12 15:23:14,30670,13982,120,100,50,75,21810432.9,376229.97,848
1776007394,2026-04-12 15:23:14,30670,13982,120,100,50,75,21810432.9,376229.97,848
1776014767,2026-04-12 17:26:07,30855,14051,120,100,50,75,21944520.3,378542.98,848
1776017832,2026-04-12 18:17:12,30979,14096,120,100,50,75,22039382.7,380179.35,848
1776017832,2026-04-12 18:17:12,30979,14096,120,100,50,75,22039382.7,380179.35,848
1776023259,2026-04-12 19:47:39,31135,14149,120,100,50,75,22152796.3,382135.74,848
1776025534,2026-04-12 20:25:34,31264,14209,120,100,50,75,22252014.9,383847.26,849
1776027103,2026-04-12 20:51:43,31342,14241,120,100,50,75,22310175.8,384850.53,849
1776027103,2026-04-12 20:51:43,31342,14241,120,100,50,75,22310175.8,384850.53,849
1776032866,2026-04-12 22:27:46,31457,14279,120,100,50,75,22405743.8,386499.08,849
1776035092,2026-04-12 23:04:52,31540,14304,120,100,50,75,22467911.0,387571.46,849
1776037497,2026-04-12 23:44:57,31617,14330,120,100,50,75,22512687.9,388343.87,849
1776037497,2026-04-12 23:44:57,31617,14330,120,100,50,75,22512687.9,388343.87,849
1776058587,2026-04-13 05:36:27,31697,14345,120,100,50,75,22614643.1,390102.59,850
1776067227,2026-04-13 08:00:27,31797,14374,120,100,50,75,22697344.3,391529.19,850
1776074217,2026-04-13 09:56:57,31889,14404,120,100,50,75,22777781.6,392916.73,851
1776079704,2026-04-13 11:28:24,31985,14429,120,100,50,75,22869037.1,394490.89,852
1776083254,2026-04-13 12:27:34,32082,14456,120,100,50,75,22930409.7,395549.57,851
1776089502,2026-04-13 14:11:42,32213,14508,120,100,50,75,23006429.0,396860.9,851
1776095103,2026-04-13 15:45:03,32385,14558,120,100,50,75,23095680.7,398400.49,850
1776099557,2026-04-13 16:59:17,32535,14628,120,100,50,75,23186308.7,399963.83,849
1776103679,2026-04-13 18:07:59,32707,14684,120,100,50,75,23314776.0,402179.89,849
1776103679,2026-04-13 18:07:59,32707,14684,120,100,50,75,23314776.0,402179.89,849
1776112118,2026-04-13 20:28:38,32878,14750,120,100,50,75,23426185.2,404101.69,849
1776115399,2026-04-13 21:23:19,32999,14801,120,100,50,75,23553654.1,406300.53,850
1776118139,2026-04-13 22:08:59,33104,14834,120,100,50,75,23633508.2,407678.02,851
1776121957,2026-04-13 23:12:37,33233,14875,120,100,50,75,23740560.7,409524.67,851
1776124594,2026-04-13 23:56:34,33314,14895,120,100,50,75,23794740.4,410459.27,851
1776136536,2026-04-14 03:15:36,33399,14907,120,100,50,75,23838794.3,411219.2,851
1776144827,2026-04-14 05:33:47,33465,14929,120,100,50,75,23875436.6,411851.28,850
1776150213,2026-04-14 07:03:33,33551,14949,120,100,50,75,23918178.6,412588.58,850
1776155854,2026-04-14 08:37:34,33643,14969,121,100,50,75,24008004.7,414138.08,850
1776161159,2026-04-14 10:05:59,33741,14996,121,100,50,75,24099984.9,415724.74,851
1776165869,2026-04-14 11:24:29,33823,15022,121,100,50,75,24144390.0,416490.73,851
1776169870,2026-04-14 12:31:10,33931,15054,121,100,50,75,24219720.1,417790.17,851
1776176136,2026-04-14 14:15:36,34067,15103,121,100,50,75,24277628.2,418789.09,850
1776176136,2026-04-14 14:15:36,34067,15103,121,100,50,75,24277628.2,418789.09,850
1776184963,2026-04-14 16:42:43,34271,15189,121,100,50,75,24363270.8,420266.42,848
1776189738,2026-04-14 18:02:18,34424,15254,121,100,50,75,24441039.4,421607.93,847
1776195038,2026-04-14 19:30:38,34600,15322,121,100,50,74,24536212.3,423249.66,846
1776198098,2026-04-14 20:21:38,34724,15366,121,100,50,74,24624602.7,424774.4,846
1776201674,2026-04-14 21:21:14,34840,15412,121,100,50,74,24702660.7,426120.9,847
1776204924,2026-04-14 22:15:24,34915,15435,121,100,50,74,24734482.8,426669.83,846
1776207934,2026-04-14 23:05:34,35014,15461,121,100,50,74,24808286.2,427942.94,846
1776210534,2026-04-14 23:48:54,35092,15479,121,100,50,74,24845348.1,428582.25,846
1776223252,2026-04-15 03:20:52,35176,15506,121,100,50,74,24887102.4,429302.52,845
1776230640,2026-04-15 05:24:00,35242,15523,121,100,50,74,24919139.4,429855.15,845
1776230640,2026-04-15 05:24:00,35242,15523,121,100,50,74,24919139.4,429855.15,845
1776242224,2026-04-15 08:37:04,35329,15547,121,100,50,74,24974976.5,430818.34,844
1776247523,2026-04-15 10:05:23,35429,15571,121,100,50,74,25026898.3,431714.0,844
1776252195,2026-04-15 11:23:15,35534,15601,121,100,50,74,25090916.2,432818.31,843
1776255670,2026-04-15 12:21:10,35633,15624,121,100,50,74,25147085.5,433787.23,843
1776261865,2026-04-15 14:04:25,35764,15666,121,100,50,74,25209474.0,434863.43,842
1776266838,2026-04-15 15:27:18,35938,15723,121,100,50,74,25291492.7,436278.25,841
1776270810,2026-04-15 16:33:30,36100,15779,121,100,50,74,25381657.4,437833.59,841
1776274946,2026-04-15 17:42:26,36269,15843,121,100,50,74,25471864.8,439389.67,840
1776274946,2026-04-15 17:42:26,36269,15843,121,100,50,74,25471864.8,439389.67,840
1776282962,2026-04-15 19:56:02,36460,15904,121,100,50,74,25579194.9,441241.11,839
1776286343,2026-04-15 20:52:23,36570,15942,121,100,50,74,25680556.0,442989.59,840
1776286343,2026-04-15 20:52:23,36570,15942,121,100,50,74,25680556.0,442989.59,840
1776292889,2026-04-15 22:41:29,36713,15992,121,100,50,74,25824866.9,445478.95,842
1776292889,2026-04-15 22:41:29,36713,15992,121,100,50,74,25824866.9,445478.95,842
1776306564,2026-04-16 02:29:24,36812,16018,121,100,50,74,25876933.0,446377.09,841
1776314245,2026-04-16 04:37:25,36878,16037,121,100,50,74,25915735.4,447046.44,841
1776322219,2026-04-16 06:50:19,36950,16055,121,100,50,74,25957123.6,447760.38,841
1776322219,2026-04-16 06:50:19,36950,16055,121,100,50,74,25957123.6,447760.38,841
1776333899,2026-04-16 10:04:59,37044,16078,121,100,50,74,26032783.9,449065.52,841
1776338354,2026-04-16 11:19:14,37131,16091,121,100,50,74,26096591.0,450166.19,841
1776338354,2026-04-16 11:19:14,37131,16091,121,100,50,74,26096591.0,450166.19,841
1776349171,2026-04-16 14:19:31,37304,16151,121,100,50,74,26162932.4,451310.58,840
1776355005,2026-04-16 15:56:45,37513,16232,121,100,50,74,26282654.5,453375.79,839
1776360579,2026-04-16 17:29:39,37707,16305,121,100,50,74,26395508.8,455322.53,839
1776360579,2026-04-16 17:29:39,37707,16305,121,100,50,74,26395508.8,455322.53,839
1776368754,2026-04-16 19:45:54,37907,16385,121,100,50,74,26513417.2,457356.45,838
1776372142,2026-04-16 20:42:22,38048,16449,121,100,50,74,26657779.3,459846.69,840
1776375268,2026-04-16 21:34:28,38153,16490,121,100,50,74,26743155.0,461319.42,841
1776375268,2026-04-16 21:34:28,38153,16490,121,100,50,74,26743155.0,461319.42,841
1776375268,2026-04-16 21:34:28,38153,16490,121,100,50,74,26743155.0,461319.42,841
1776383646,2026-04-16 23:54:06,38306,16552,121,100,50,74,26848269.4,463132.65,841
1776395643,2026-04-17 03:14:03,38402,16577,121,100,50,74,26904840.1,464108.49,840
1776404054,2026-04-17 05:34:14,38478,16591,121,100,50,74,26957055.9,465009.21,840
1776411367,2026-04-17 07:36:07,38574,16617,121,100,50,74,27018629.0,466071.35,840
1776415653,2026-04-17 08:47:33,38657,16633,121,100,50,74,27078361.5,467101.74,840
1776420633,2026-04-17 10:10:33,38746,16654,121,100,50,74,27141944.0,468198.53,840
1776424943,2026-04-17 11:22:23,38826,16670,121,100,50,74,27209563.7,469364.97,840
1776424943,2026-04-17 11:22:23,38826,16670,121,100,50,74,27209563.7,469364.97,840
1776434243,2026-04-17 13:57:23,38958,16714,121,100,50,74,27317877.5,471233.39,841
1776437863,2026-04-17 14:57:43,39084,16763,121,100,50,74,27391256.8,472499.18,841
1776441529,2026-04-17 15:58:49,39224,16820,121,100,50,74,27463320.1,473742.27,840
1776445123,2026-04-17 16:58:43,39402,16889,121,100,50,74,27551270.6,475259.42,839
1776448644,2026-04-17 17:57:24,39589,16964,121,100,50,74,27665415.2,477228.41,839
1776452777,2026-04-17 19:06:17,39767,17027,121,100,50,74,27767792.4,478994.42,838
1776455612,2026-04-17 19:53:32,39911,17084,121,100,50,74,27852785.1,480460.54,838
1776458829,2026-04-17 20:47:09,40048,17129,121,100,50,74,27939019.9,481948.09,838
1776462207,2026-04-17 21:43:27,40158,17163,121,100,50,74,28058364.3,484006.78,839
1776465512,2026-04-17 22:38:32,40278,17202,121,100,50,74,28152653.2,485633.27,839
1776465512,2026-04-17 22:38:32,40278,17202,121,100,50,74,28152653.2,485633.27,839
1776473171,2026-04-18 00:46:11,40423,17243,121,100,50,74,28220532.5,486804.19,838
1776483376,2026-04-18 03:36:16,40509,17261,121,100,50,74,28285095.5,487917.9,838
1776489639,2026-04-18 05:20:39,40577,17273,121,100,50,74,28324252.0,488593.35,838
1776494121,2026-04-18 06:35:21,40645,17289,121,100,50,74,28365990.4,489313.34,838
1776498192,2026-04-18 07:43:12,40722,17308,121,100,50,74,28430757.2,490430.56,838
1776501225,2026-04-18 08:33:45,40792,17326,121,100,50,74,28473053.2,491160.17,838
1776505170,2026-04-18 09:39:30,40882,17343,121,100,50,74,28535226.8,492232.66,838
1776505170,2026-04-18 09:39:30,40882,17343,121,100,50,74,28535226.8,492232.66,838
1776510044,2026-04-18 11:00:44,40986,17370,121,100,50,74,28607015.8,493471.02,838
1776513059,2026-04-18 11:50:59,41031,17376,121,100,50,74,28632233.3,493906.02,837
1776517947,2026-04-18 13:12:27,41116,17393,121,100,50,74,28676997.1,494678.2,837
1776520550,2026-04-18 13:55:50,41188,17416,121,100,50,74,28725171.3,495509.2,837
1776520550,2026-04-18 13:55:50,41188,17416,121,100,50,74,28725171.3,495509.2,837
1776526424,2026-04-18 15:33:44,41332,17470,121,100,50,74,28803823.0,496865.95,836
1776528738,2026-04-18 16:12:18,41420,17501,121,100,50,74,28863435.1,497894.26,837
1776528738,2026-04-18 16:12:18,41420,17501,121,100,50,74,28863435.1,497894.26,837
1776533585,2026-04-18 17:33:05,41586,17557,121,100,50,74,28965149.4,499648.83,836
1776536824,2026-04-18 18:27:04,41719,17606,121,100,50,74,29081458.9,501655.17,837
1776539977,2026-04-18 19:19:37,41849,17646,121,100,50,74,29172233.2,503221.02,837
1776541432,2026-04-18 19:43:52,41951,17680,121,100,50,74,29242160.4,504427.27,837
1776541432,2026-04-18 19:43:52,41951,17680,121,100,50,74,29242160.4,504427.27,837
1776546212,2026-04-18 21:03:32,42065,17728,121,100,50,74,29306448.3,505536.23,837
1776546212,2026-04-18 21:03:32,42065,17728,121,100,50,74,29306448.3,505536.23,837
1776546212,2026-04-18 21:03:32,42065,17728,121,100,50,74,29306448.3,505536.23,837
1776553806,2026-04-18 23:10:06,42183,17760,121,100,50,74,29355988.5,506390.8,836
1776556205,2026-04-18 23:50:05,42244,17778,121,100,50,74,29397850.3,507112.92,836
1776569141,2026-04-19 03:25:41,42325,17793,121,100,50,74,29434067.9,507737.67,835
1776576924,2026-04-19 05:35:24,42386,17807,121,100,50,74,29466628.5,508299.34,835
1776579601,2026-04-19 06:20:01,42466,17825,122,100,50,73,29505493.7,508969.77,834
1776584810,2026-04-19 07:46:50,42540,17847,122,100,50,73,29569154.9,510067.92,835
1776588210,2026-04-19 08:43:30,42606,17859,122,100,50,74,29643905.2,511357.37,835
1776589770,2026-04-19 09:09:30,42676,17871,123,100,50,74,29725986.6,512773.27,836
1776589770,2026-04-19 09:09:30,42676,17871,123,100,50,74,29725986.6,512773.27,836
1776596822,2026-04-19 11:07:02,42781,17902,123,100,50,74,29851269.6,514934.4,838
1776599269,2026-04-19 11:47:49,42834,17915,123,100,50,74,29896451.3,515713.78,838
1776603911,2026-04-19 13:05:11,42931,17948,123,100,50,74,29983046.3,517207.55,838
1776607077,2026-04-19 13:57:57,43025,17972,123,100,50,74,30046981.1,518310.42,838
1776607077,2026-04-19 13:57:57,43025,17972,123,100,50,74,30046981.1,518310.42,838
1776612741,2026-04-19 15:32:21,43178,18032,123,100,50,74,30149928.2,520086.26,838
1776614600,2026-04-19 16:03:20,43279,18077,123,100,50,74,30203810.0,521015.72,838
1776617550,2026-04-19 16:52:30,43390,18117,123,100,50,74,30261196.7,522005.64,837
1776620116,2026-04-19 17:35:16,43538,18170,123,100,50,74,30364429.4,523786.41,837
1776623282,2026-04-19 18:28:02,43686,18222,123,100,50,74,30470063.0,525608.59,837
1776623282,2026-04-19 18:28:02,43686,18222,123,100,50,74,30470063.0,525608.59,837
1776628170,2026-04-19 19:49:30,43855,18272,123,100,50,74,30568756.3,527311.05,837
1776630586,2026-04-19 20:29:46,43984,18309,123,100,50,74,30654594.2,528791.75,837
1776633431,2026-04-19 21:17:11,44091,18345,123,100,50,74,30729336.4,530081.05,837
1776635382,2026-04-19 21:49:42,44195,18387,123,100,50,74,30833984.2,531886.23,838
1776638570,2026-04-19 22:42:50,44309,18424,123,100,50,74,30944361.9,533790.24,839
1776640519,2026-04-19 23:15:19,44395,18456,123,100,50,74,31010213.4,534926.18,839
1776640519,2026-04-19 23:15:19,44395,18456,123,100,50,74,31010213.4,534926.18,839
1776655032,2026-04-20 03:17:12,44478,18474,123,100,50,74,31054780.4,535694.96,838
1776664019,2026-04-20 05:46:59,44559,18488,123,100,50,74,31108601.8,536623.38,838
1776672412,2026-04-20 08:06:52,44662,18509,123,100,50,74,31217427.9,538500.63,839
1776679130,2026-04-20 09:58:50,44775,18537,123,100,50,74,31360013.8,540960.24,841
1776684436,2026-04-20 11:27:16,44876,18564,123,100,50,74,31446946.2,542459.82,841
1776688460,2026-04-20 12:34:20,44981,18594,123,100,50,74,31534445.5,543969.19,841
1776695832,2026-04-20 14:37:12,45123,18638,123,100,50,74,31620535.6,545454.24,841
1776700566,2026-04-20 15:56:06,45318,18711,123,100,50,74,31741194.9,547535.61,840
1776705165,2026-04-20 17:12:45,45504,18778,123,100,50,74,31850567.8,549422.3,840
1776705165,2026-04-20 17:12:45,45504,18778,123,100,50,74,31850567.8,549422.3,840
1776713619,2026-04-20 19:33:39,45694,18856,123,100,50,74,31954743.7,551219.33,839
1776716198,2026-04-20 20:16:38,45837,18901,123,100,50,74,32034709.8,552598.74,839
1776719325,2026-04-20 21:08:45,45946,18942,123,100,50,74,32110810.4,553911.48,839
1776719325,2026-04-20 21:08:45,45946,18942,123,100,50,74,32110810.4,553911.48,839
1776725944,2026-04-20 22:59:04,46077,18979,123,100,50,74,32235522.2,556062.76,840
1776728754,2026-04-20 23:45:54,46177,19013,123,100,50,74,32288201.9,556971.48,840
1776728754,2026-04-20 23:45:54,46177,19013,123,100,50,74,32288201.9,556971.48,840
1776749363,2026-04-21 05:29:23,46250,19028,123,100,50,74,32337946.7,557829.58,840
1776755560,2026-04-21 07:12:40,46359,19057,123,100,50,74,32401134.8,558919.58,839
1776761264,2026-04-21 08:47:44,46478,19078,123,100,50,74,32490192.0,560455.81,839
1776761264,2026-04-21 08:47:44,46478,19078,123,100,50,74,32490192.0,560455.81,839
1776761264,2026-04-21 08:47:44,46478,19078,123,100,50,74,32490192.0,560455.81,839
1776775111,2026-04-21 12:38:31,46583,19106,123,100,50,74,32545047.4,561402.07,839
1776781946,2026-04-21 14:32:26,46751,19154,123,100,50,74,32630966.2,562884.17,838
1776786538,2026-04-21 15:48:58,46920,19206,123,100,50,74,32713166.9,564302.13,838
1776786538,2026-04-21 15:48:58,46920,19206,123,100,50,74,32713166.9,564302.13,838
1776786538,2026-04-21 15:48:58,46920,19206,123,100,50,74,32713166.9,564302.13,838
1776799146,2026-04-21 19:19:06,47100,19262,123,100,50,74,32798681.3,565777.25,837
1776802753,2026-04-21 20:19:13,47214,19298,123,100,50,74,32883670.3,567243.31,837
1776805826,2026-04-21 21:10:26,47320,19337,123,100,50,74,32978340.3,568876.37,838
1776808607,2026-04-21 21:56:47,47409,19372,123,100,50,74,33067189.2,570409.01,838
1776808607,2026-04-21 21:56:47,47409,19372,123,100,50,74,33067189.2,570409.01,838
1776808607,2026-04-21 21:56:47,47409,19372,123,100,50,74,33067189.2,570409.01,838
1776819098,2026-04-22 00:51:38,47530,19401,123,100,50,74,33117785.2,571281.79,837
1776819098,2026-04-22 00:51:38,47530,19401,123,100,50,74,33117785.2,571281.79,837
1776819098,2026-04-22 00:51:38,47530,19401,123,100,50,74,33117785.2,571281.79,837
1776819098,2026-04-22 00:51:38,47530,19401,123,100,50,74,33117785.2,571281.79,837
1776850033,2026-04-22 09:27:13,47632,19425,123,100,50,74,33194904.7,572612.11,837
1776854931,2026-04-22 10:48:51,47729,19447,123,100,50,74,33272571.7,573951.86,838
1776858518,2026-04-22 11:48:38,47826,19471,123,100,50,74,33344588.3,575194.15,837
1776865601,2026-04-22 13:46:41,47933,19505,123,100,50,74,33397117.4,576100.27,837
1776871493,2026-04-22 15:24:53,48095,19550,123,100,50,74,33469390.9,577346.99,836
1776875469,2026-04-22 16:31:09,48259,19604,123,100,50,74,33572871.5,579132.03,836
1776879314,2026-04-22 17:35:14,48411,19664,123,100,50,74,33662518.8,580678.45,836
1776882721,2026-04-22 18:32:01,48563,19712,123,100,50,73,33751080.3,582206.14,835
1776887286,2026-04-22 19:48:06,48727,19769,123,100,50,73,33844971.9,583825.76,835
1776887286,2026-04-22 19:48:06,48727,19769,123,100,50,73,33844971.9,583825.76,835
1776887286,2026-04-22 19:48:06,48727,19769,123,100,50,73,33844971.9,583825.76,835
1776898329,2026-04-22 22:52:09,48881,19840,123,100,50,73,33904952.1,584860.42,834
1776901485,2026-04-22 23:44:45,48993,19879,123,100,50,73,33968569.5,585957.82,834
1776914540,2026-04-23 03:22:20,49087,19906,123,100,50,73,34007797.1,586634.5,833
1776922312,2026-04-23 05:31:52,49170,19923,123,100,50,73,34054811.5,587445.5,833
1776929703,2026-04-23 07:35:03,49281,19944,123,100,50,73,34129366.6,588731.57,833
1776934775,2026-04-23 08:59:35,49377,19965,123,100,50,73,34189192.7,589763.57,832
1776940601,2026-04-23 10:36:41,49497,19992,123,100,50,73,34278037.6,591296.15,832
1776944031,2026-04-23 11:33:51,49587,20010,123,100,50,73,34349804.2,592534.12,832
1776951258,2026-04-23 13:34:18,49725,20047,123,100,50,73,34433786.2,593982.81,832
1776951258,2026-04-23 13:34:18,49725,20047,123,100,50,73,34433786.2,593982.81,832
1776963312,2026-04-23 16:55:12,49952,20126,123,100,50,73,34566727.7,596276.05,831
1776967162,2026-04-23 17:59:22,50136,20190,123,100,50,73,34667862.8,598020.63,831
1776967162,2026-04-23 17:59:22,50136,20190,123,100,50,73,34667862.8,598020.63,831
1776967162,2026-04-23 17:59:22,50136,20190,123,100,50,73,34667862.8,598020.63,831
1776967162,2026-04-23 17:59:22,50136,20190,123,100,50,73,34667862.8,598020.63,831
1776981922,2026-04-23 22:05:22,50321,20260,123,100,50,73,34780433.6,599962.48,831
1776985040,2026-04-23 22:57:20,50421,20293,123,100,50,73,34900052.5,602025.91,832
1776987831,2026-04-23 23:43:51,50529,20333,123,100,50,73,34979850.7,603402.42,832
1777001299,2026-04-24 03:28:19,50638,20364,123,100,50,73,35056897.9,604731.49,833
1777001299,2026-04-24 03:28:19,50638,20364,123,100,50,73,35056897.9,604731.49,833
1777017839,2026-04-24 08:03:59,50744,20385,123,100,50,73,35172901.2,606732.55,833
1777023853,2026-04-24 09:44:13,50868,20415,123,100,50,73,35279250.6,608567.07,834
1777028514,2026-04-24 11:01:54,50983,20436,123,100,50,73,35377514.2,610262.12,834
1777031277,2026-04-24 11:47:57,51069,20458,123,100,50,73,35444921.9,611424.9,834
1777038836,2026-04-24 13:53:56,51215,20502,123,100,50,73,35555747.7,613336.65,834
1777044352,2026-04-24 15:25:52,51417,20579,123,100,50,73,35682353.4,615520.6,834
1777047954,2026-04-24 16:25:54,51606,20651,123,100,50,73,35778806.3,617184.41,834
1777051482,2026-04-24 17:24:42,51824,20734,123,100,50,73,35900363.9,619281.28,833
1777054636,2026-04-24 18:17:16,52018,20795,123,100,50,73,36025575.5,621441.18,833
1777058588,2026-04-24 19:23:08,52262,20893,123,100,50,73,36158005.4,623725.59,833
1777061468,2026-04-24 20:11:08,52440,20960,123,100,50,73,36274722.7,625738.97,833
1777064602,2026-04-24 21:03:22,52600,21014,123,100,50,73,36401512.0,627926.08,833
1777067863,2026-04-24 21:57:43,52717,21051,123,100,50,73,36517430.8,629925.68,834
1777070646,2026-04-24 22:44:06,52814,21087,123,100,50,73,36578032.2,630971.06,834
1777070646,2026-04-24 22:44:06,52814,21087,123,100,50,73,36578032.2,630971.06,834
1777080977,2026-04-25 01:36:17,52923,21120,123,100,50,73,36661183.6,632405.42,834
1777090553,2026-04-25 04:15:53,52994,21142,123,100,50,73,36715244.4,633337.97,834
1777090553,2026-04-25 04:15:53,52994,21142,123,100,50,73,36715244.4,633337.97,834
1777090553,2026-04-25 04:15:53,52994,21142,123,100,50,73,36715244.4,633337.97,834
1777090553,2026-04-25 04:15:53,52994,21142,123,100,50,73,36715244.4,633337.97,834
1777108339,2026-04-25 09:12:19,53093,21162,123,100,50,73,36804565.1,634878.75,835
1777112015,2026-04-25 10:13:35,53181,21180,123,100,50,73,36889615.6,636345.87,835
1777112015,2026-04-25 10:13:35,53181,21180,123,100,50,73,36889615.6,636345.87,835
1777117184,2026-04-25 11:39:44,53276,21202,123,100,50,74,37008758.2,638401.08,836
1777123561,2026-04-25 13:26:01,53372,21223,123,100,50,74,37090087.5,639804.01,837
1777126183,2026-04-25 14:09:43,53464,21254,123,100,50,74,37149551.3,640829.76,837
1777129048,2026-04-25 14:57:28,53553,21281,123,100,50,74,37227667.2,642177.26,837
1777131690,2026-04-25 15:41:30,53654,21310,123,100,50,74,37285285.5,643171.18,837
1777131690,2026-04-25 15:41:30,53654,21310,123,100,50,74,37285285.5,643171.18,837
1777138176,2026-04-25 17:29:36,53832,21368,123,100,50,74,37417859.3,645458.07,837
1777140840,2026-04-25 18:14:00,53940,21401,123,100,50,74,37497176.0,646826.29,837
1777144316,2026-04-25 19:11:56,54103,21455,123,100,50,74,37603485.5,648660.12,837
1777144316,2026-04-25 19:11:56,54103,21455,123,100,50,74,37603485.5,648660.12,837
1777149536,2026-04-25 20:38:56,54256,21496,123,100,50,74,37745505.4,651109.97,838
1777152500,2026-04-25 21:28:20,54353,21521,123,100,50,74,37845376.0,652832.74,839
1777154636,2026-04-25 22:03:56,54414,21540,123,100,50,74,37933194.9,654347.61,840
1777154636,2026-04-25 22:03:56,54414,21540,123,100,50,74,37933194.9,654347.61,840
1777160178,2026-04-25 23:36:18,54504,21562,123,100,50,74,38048312.0,656333.38,842
1777167424,2026-04-26 01:37:04,54581,21585,123,100,50,74,38109504.0,657388.94,842
1777179515,2026-04-26 04:58:35,54650,21599,123,100,50,74,38182486.3,658647.89,842
1777184625,2026-04-26 06:23:45,54732,21620,123,100,50,74,38223425.9,659354.1,842
1777191754,2026-04-26 08:22:34,54816,21644,123,100,50,74,38279959.0,660329.29,842
1777195316,2026-04-26 09:21:56,54899,21662,123,100,50,74,38385298.5,662146.4,842
1777198214,2026-04-26 10:10:14,54986,21679,123,100,50,74,38476373.1,663717.44,843
1777201331,2026-04-26 11:02:11,55096,21704,123,100,50,74,38593376.2,665735.74,844
1777201331,2026-04-26 11:02:11,55096,21704,123,100,50,74,38593376.2,665735.74,844
1777209549,2026-04-26 13:19:09,55200,21730,123,100,50,74,38680539.6,667239.31,844
1777212371,2026-04-26 14:06:11,55290,21758,123,100,50,74,38735707.4,668190.95,844
1777216251,2026-04-26 15:10:51,55413,21790,123,100,50,74,38827685.2,669777.57,844
1777218669,2026-04-26 15:51:09,55513,21824,123,100,50,74,38891845.0,670884.33,844
1777221651,2026-04-26 16:40:51,55649,21868,123,100,50,74,38981580.4,672432.26,843
1777221651,2026-04-26 16:40:51,55649,21868,123,100,50,74,38981580.4,672432.26,843
1777221651,2026-04-26 16:40:51,55649,21868,123,100,50,74,38981580.4,672432.26,843
1777231426,2026-04-26 19:23:46,55833,21935,123,100,50,74,39111605.8,674675.2,843
1777231426,2026-04-26 19:23:46,55833,21935,123,100,50,74,39111605.8,674675.2,843
1777236665,2026-04-26 20:51:05,55994,22006,123,100,50,74,39251132.1,677082.03,844
1777239570,2026-04-26 21:39:30,56107,22053,123,100,50,74,39353277.0,678844.03,845
1777239570,2026-04-26 21:39:30,56107,22053,123,100,50,74,39353277.0,678844.03,845
1777244986,2026-04-26 23:09:46,56233,22100,123,100,50,74,39472459.2,680899.92,845
1777247542,2026-04-26 23:52:22,56314,22126,123,100,50,74,39535314.3,681984.17,845
1777261382,2026-04-27 03:43:02,56408,22141,123,100,50,74,39624703.0,683526.13,846
1777261382,2026-04-27 03:43:02,56408,22141,123,100,50,74,39624703.0,683526.13,846
1777280105,2026-04-27 08:55:05,56534,22176,123,100,50,74,39773440.1,686091.84,847
1777287824,2026-04-27 11:03:44,56659,22197,123,100,50,74,39923315.0,688677.18,848
1777287824,2026-04-27 11:03:44,56659,22197,123,100,50,74,39923315.0,688677.18,848
1777287824,2026-04-27 11:03:44,56659,22197,123,100,50,74,39923315.0,688677.18,848
1777307607,2026-04-27 16:33:27,56867,22258,123,100,50,74,40048733.2,690840.65,848
1777312669,2026-04-27 17:57:49,57065,22330,123,100,50,74,40188100.0,693244.73,848
1777318478,2026-04-27 19:34:38,57271,22407,123,100,50,74,40309171.2,695333.2,847
1777318478,2026-04-27 19:34:38,57271,22407,123,100,50,74,40309171.2,695333.2,847
1777318478,2026-04-27 19:34:38,57271,22407,123,100,50,74,40309171.2,695333.2,847
1777328084,2026-04-27 22:14:44,57423,22461,123,100,50,74,40392889.1,696777.34,847
1777328084,2026-04-27 22:14:44,57423,22461,123,100,50,74,40392889.1,696777.34,847
1777338588,2026-04-28 01:09:48,57560,22504,123,100,50,74,40485881.8,698381.46,847
1777351014,2026-04-28 04:36:54,57650,22523,123,100,50,74,40554420.2,699563.75,847
1777359774,2026-04-28 07:02:54,57763,22546,123,100,50,74,40686674.7,701845.14,848
1777367951,2026-04-28 09:19:11,57884,22573,123,100,50,74,40792332.4,703667.73,848
1777374228,2026-04-28 11:03:48,58003,22605,123,100,50,74,40918634.9,705846.45,849
1777381405,2026-04-28 13:03:25,58102,22628,123,100,50,74,40994033.3,707147.07,849
1777390129,2026-04-28 15:28:49,58300,22691,123,100,50,74,41092845.7,708851.59,848
1777390129,2026-04-28 15:28:49,58300,22691,123,100,50,74,41092845.7,708851.59,848
1777390129,2026-04-28 15:28:49,58300,22691,123,100,50,74,41092845.7,708851.59,848
1777407926,2026-04-28 20:25:26,58472,22760,123,100,50,74,41177542.5,710312.61,848
1777407926,2026-04-28 20:25:26,58472,22760,123,100,50,74,41177542.5,710312.61,848
1777407926,2026-04-28 20:25:26,58472,22760,123,100,50,74,41177542.5,710312.61,848
1777418900,2026-04-28 23:28:20,58595,22805,123,100,50,74,41252315.6,711602.44,848
1777418900,2026-04-28 23:28:20,58595,22805,123,100,50,74,41252315.6,711602.44,848
1777437171,2026-04-29 04:32:51,58674,22824,123,100,50,74,41312505.7,712640.72,848
1777446329,2026-04-29 07:05:29,58784,22846,123,100,50,74,41383762.5,713869.9,848
1777453716,2026-04-29 09:08:36,58896,22862,123,100,50,74,41466977.5,715305.36,848
1777453716,2026-04-29 09:08:36,58896,22862,123,100,50,74,41466977.5,715305.36,848
1777466560,2026-04-29 12:42:40,59023,22892,123,100,50,74,41557441.9,716865.87,848
1777466560,2026-04-29 12:42:40,59023,22892,123,100,50,74,41557441.9,716865.87,848
1777480936,2026-04-29 16:42:16,59226,22958,123,100,50,74,41677295.8,718933.35,847
1777486088,2026-04-29 18:08:08,59415,23017,123,100,50,74,41800761.0,721063.13,847
1777486088,2026-04-29 18:08:08,59415,23017,123,100,50,74,41800761.0,721063.13,847
1777496235,2026-04-29 20:57:15,59591,23083,123,100,50,74,41935249.6,723383.06,847
1777499945,2026-04-29 21:59:05,59714,23119,123,100,50,74,42065672.9,725632.86,848
1777503625,2026-04-29 23:00:25,59809,23149,123,100,50,74,42156867.4,727205.96,849
1777506773,2026-04-29 23:52:53,59910,23181,123,100,50,74,42189816.8,727774.34,848
1777520749,2026-04-30 03:45:49,60037,23212,124,100,50,74,42287213.7,729454.44,848
1777530267,2026-04-30 06:24:27,60143,23230,124,100,50,74,42411161.8,731592.54,849
1777538118,2026-04-30 08:35:18,60272,23265,124,100,50,74,42596795.8,734794.73,851
1777544752,2026-04-30 10:25:52,60405,23291,124,100,50,74,42719355.3,736908.88,851
1777544752,2026-04-30 10:25:52,60405,23291,124,100,50,74,42719355.3,736908.88,851
1777558541,2026-04-30 14:15:41,60554,23334,124,100,50,74,42809346.2,738461.22,851
1777564332,2026-04-30 15:52:12,60745,23403,124,100,50,74,42908016.9,740163.29,851
1777564332,2026-04-30 15:52:12,60745,23403,124,100,50,74,42908016.9,740163.29,851
1777564332,2026-04-30 15:52:12,60745,23403,124,100,50,74,42908016.9,740163.29,851
1777579489,2026-04-30 20:04:49,60954,23475,124,100,50,74,43018098.5,742062.2,850
1777583866,2026-04-30 21:17:46,61128,23542,124,100,50,74,43153452.9,744397.06,851
1777587603,2026-04-30 22:20:03,61269,23596,124,100,50,74,43257717.3,746195.62,851
1777591010,2026-04-30 23:16:50,61388,23632,124,100,50,74,43343478.1,747675.0,851
1777596901,2026-05-01 00:55:01,61547,23691,124,100,50,74,43457390.2,749639.98,851
1777610438,2026-05-01 04:40:38,61646,23716,124,100,50,74,43567732.8,751543.39,852
1777619922,2026-05-01 07:18:42,61754,23733,124,100,50,74,43675479.9,753402.03,852
1777619922,2026-05-01 07:18:42,61754,23733,124,100,50,74,43675479.9,753402.03,852
1777619922,2026-05-01 07:18:42,61754,23733,124,100,50,74,43675479.9,753402.03,852
1777633857,2026-05-01 11:10:57,61851,23759,124,100,50,75,43784910.2,755289.7,853
1777638402,2026-05-01 12:26:42,61968,23790,125,100,50,75,43885476.9,757024.48,853
1777643911,2026-05-01 13:58:31,62115,23839,126,100,50,75,43971956.9,758516.26,853
1777648393,2026-05-01 15:13:13,62277,23885,126,100,50,74,44070913.2,760223.25,853
1777652499,2026-05-01 16:21:39,62459,23934,126,100,50,74,44189982.3,762277.2,853
1777656160,2026-05-01 17:22:40,62642,23994,126,100,50,74,44309382.0,764336.84,852
1777660384,2026-05-01 18:33:04,62829,24051,126,100,50,74,44442371.5,766630.91,852
1777664656,2026-05-01 19:44:16,63008,24115,126,100,50,74,44577970.7,768969.99,853
1777664656,2026-05-01 19:44:16,63008,24115,126,100,50,74,44577970.7,768969.99,853
1777671498,2026-05-01 21:38:18,63191,24192,126,100,50,74,44701013.1,771092.48,853
1777671498,2026-05-01 21:38:18,63191,24192,126,100,50,74,44701013.1,771092.48,853
1777679196,2026-05-01 23:46:36,63345,24240,126,100,50,74,44827749.2,773278.67,853
1777692040,2026-05-02 03:20:40,63440,24261,126,100,50,74,44900501.8,774533.66,853
1777700122,2026-05-02 05:35:22,63499,24268,126,100,50,74,44968744.2,775710.84,854
1777707645,2026-05-02 07:40:45,63593,24282,126,100,50,75,45075013.1,777543.98,854
1777711155,2026-05-02 08:39:15,63679,24306,126,100,50,75,45162095.7,779046.15,855
1777715661,2026-05-02 09:54:21,63785,24335,126,100,50,75,45271692.7,780936.7,855
1777719143,2026-05-02 10:52:23,63895,24358,126,100,50,75,45411301.0,783344.94,856
1777721546,2026-05-02 11:32:26,63977,24383,126,100,50,75,45485465.9,784624.29,857
1777727256,2026-05-02 13:07:36,64085,24405,126,100,50,75,45562757.5,785957.57,857
1777731430,2026-05-02 14:17:10,64190,24436,126,100,50,75,45625928.8,787047.27,857
1777734785,2026-05-02 15:13:05,64340,24480,126,100,50,75,45730759.8,788855.61,857
1777734785,2026-05-02 15:13:05,64340,24480,126,100,50,75,45730759.8,788855.61,857
1777740880,2026-05-02 16:54:40,64519,24535,126,100,50,75,45855830.5,791013.08,857
1777744310,2026-05-02 17:51:50,64657,24583,126,100,50,75,45961140.7,792829.68,857
1777744310,2026-05-02 17:51:50,64657,24583,126,100,50,75,45961140.7,792829.68,857
1777751409,2026-05-02 19:50:09,64836,24650,126,100,50,75,46070057.9,794708.5,857
1777753995,2026-05-02 20:33:15,64949,24680,126,100,50,75,46153610.6,796149.78,857
1777753995,2026-05-02 20:33:15,64949,24680,126,100,50,75,46153610.6,796149.78,857
1777753995,2026-05-02 20:33:15,64949,24680,126,100,50,75,46153610.6,796149.78,857
1777762027,2026-05-02 22:47:07,65084,24731,126,100,50,75,46231352.0,797490.82,857
1777764860,2026-05-02 23:34:20,65144,24745,127,100,50,75,46279485.1,798321.12,857
1777779528,2026-05-03 03:38:48,65216,24758,127,100,50,75,46311735.9,798877.44,857
1777779528,2026-05-03 03:38:48,65216,24758,127,100,50,75,46311735.9,798877.44,857
1777794361,2026-05-03 07:46:01,65295,24771,127,100,50,75,46393886.9,800294.55,857
1777798662,2026-05-03 08:57:42,65384,24792,127,100,50,75,46493507.4,802013.0,857
1777803254,2026-05-03 10:14:14,65486,24809,127,100,50,75,46590501.8,803686.16,858
1777803254,2026-05-03 10:14:14,65486,24809,127,100,50,75,46590501.8,803686.16,858
1777808756,2026-05-03 11:45:56,65578,24833,127,100,50,75,46681318.4,805252.74,858
1777815501,2026-05-03 13:38:21,65695,24867,127,100,50,75,46764778.1,806692.42,858
1777817823,2026-05-03 14:17:03,65802,24896,127,100,50,75,46831321.7,807840.3,858
1777821580,2026-05-03 15:19:40,65954,24942,127,100,50,75,46933822.1,809608.43,858
1777824608,2026-05-03 16:10:08,66109,24991,127,100,50,75,47037429.7,811395.66,858
1777828352,2026-05-03 17:12:32,66272,25054,127,100,50,75,47149983.1,813337.21,858
1777828352,2026-05-03 17:12:32,66272,25054,127,100,50,75,47149983.1,813337.21,858
1777836232,2026-05-03 19:23:52,66465,25112,127,100,50,75,47280809.0,815593.96,858
1777839054,2026-05-03 20:10:54,66635,25175,127,100,50,75,47395586.8,817573.87,857
1777841947,2026-05-03 20:59:07,66759,25209,127,100,50,75,47501265.2,819396.82,858
1777841947,2026-05-03 20:59:07,66759,25209,127,100,50,75,47501265.2,819396.82,858
1777848056,2026-05-03 22:40:56,66912,25260,127,100,50,75,47618116.6,821412.51,858
1777851935,2026-05-03 23:45:35,67023,25287,127,100,50,75,47702294.3,822864.58,858
1777866337,2026-05-04 03:45:37,67109,25302,127,100,50,75,47776484.6,824144.36,858
1777875729,2026-05-04 06:22:09,67199,25322,127,100,50,75,47872257.7,825796.45,858
1777884868,2026-05-04 08:54:28,67320,25347,127,100,50,75,48000393.0,828006.78,859
1777892808,2026-05-04 11:06:48,67405,25372,127,100,50,75,48067381.3,829162.33,859
1777899040,2026-05-04 12:50:40,67537,25403,127,100,50,75,48155443.5,830681.4,859
1777906683,2026-05-04 14:58:03,67694,25449,127,100,50,75,48240143.9,832142.48,859
1777913458,2026-05-04 16:50:58,67907,25523,127,100,50,75,48360141.2,834212.44,858
1777920140,2026-05-04 18:42:20,68123,25590,127,100,50,75,48503078.9,836678.11,858
1777924286,2026-05-04 19:51:26,68322,25653,127,100,50,75,48646433.1,839150.97,858
1777929552,2026-05-04 21:19:12,68453,25696,127,100,50,75,48745632.6,840862.16,858
1777933428,2026-05-04 22:23:48,68575,25737,127,100,50,75,48866373.3,842944.94,859
1777936837,2026-05-04 23:20:37,68668,25764,127,100,50,75,48939682.8,844209.53,859
1777942525,2026-05-05 00:55:25,68789,25797,127,100,50,75,48999125.8,845234.92,858
1777942525,2026-05-05 00:55:25,68789,25797,127,100,50,75,48999125.8,845234.92,858
1777960986,2026-05-05 06:03:06,68884,25815,127,100,50,75,49101757.5,847005.32,859
1777960986,2026-05-05 06:03:06,68884,25815,127,100,50,75,49101757.5,847005.32,859
1777977439,2026-05-05 10:37:19,68995,25839,127,100,50,75,49198337.7,848671.32,859
1777981241,2026-05-05 11:40:41,69087,25855,127,100,50,75,49260748.4,849747.91,859
1777981241,2026-05-05 11:40:41,69087,25855,127,100,50,75,49260748.4,849747.91,859
1778002470,2026-05-05 17:34:30,69274,25910,127,100,50,75,49371214.3,851653.45,859
1778006537,2026-05-05 18:42:17,69435,25967,127,100,50,75,49493652.3,853765.5,859
1778011252,2026-05-05 20:00:52,69610,26017,127,100,50,75,49609439.5,855762.83,859
1778015192,2026-05-05 21:06:32,69744,26056,127,100,50,75,49732398.8,857883.88,859
1778018633,2026-05-05 22:03:53,69856,26090,127,100,50,75,49849323.3,859900.83,860
1778021818,2026-05-05 22:56:58,69965,26128,127,100,50,75,49949994.6,861637.41,861
1778025095,2026-05-05 23:51:35,70061,26153,127,100,50,75,50026208.5,862952.1,861
1778039454,2026-05-06 03:50:54,70163,26172,127,100,50,75,50104898.9,864309.51,861
1778048245,2026-05-06 06:17:25,70220,26182,127,100,50,75,50167456.4,865388.62,861
1778057657,2026-05-06 08:54:17,70335,26208,127,100,50,75,50296375.1,867612.47,862
1778057657,2026-05-06 08:54:17,70335,26208,127,100,50,75,50296375.1,867612.47,862
1778072129,2026-05-06 12:55:29,70438,26243,127,100,50,75,50388832.9,869207.37,862
1778081020,2026-05-06 15:23:40,70620,26297,127,100,50,75,50511569.0,871324.57,862
1778086855,2026-05-06 17:00:55,70795,26349,127,100,50,75,50611258.2,873044.2,862
1778092596,2026-05-06 18:36:36,70994,26416,127,100,50,75,50730535.0,875101.73,861
1778099101,2026-05-06 20:25:01,71205,26497,127,100,50,75,50869622.6,877500.99,861
1778103055,2026-05-06 21:30:55,71350,26547,127,100,50,75,50971700.4,879261.83,861
1778103055,2026-05-06 21:30:55,71350,26547,127,100,50,75,50971700.4,879261.83,861
1778109063,2026-05-06 23:11:03,71493,26595,127,100,50,75,51109157.4,881632.97,862
1778116122,2026-05-07 01:08:42,71641,26637,127,100,50,75,51190027.1,883027.97,861
1778128570,2026-05-07 04:36:10,71715,26652,127,100,50,75,51242855.2,883939.25,861
1778128570,2026-05-07 04:36:10,71715,26652,127,100,50,75,51242855.2,883939.25,861
1778147091,2026-05-07 09:44:51,71821,26675,127,100,50,75,51359986.6,885959.77,862
1778147091,2026-05-07 09:44:51,71821,26675,127,100,50,75,51359986.6,885959.77,862
1778147091,2026-05-07 09:44:51,71821,26675,127,100,50,75,51359986.6,885959.77,862
1778170612,2026-05-07 16:16:52,72030,26748,127,100,50,75,51463630.5,887747.63,861
1778176781,2026-05-07 17:59:41,72266,26829,127,100,50,75,51606427.3,890210.87,861
1778182960,2026-05-07 19:42:40,72485,26912,127,100,50,75,51743132.3,892569.03,861
1778182960,2026-05-07 19:42:40,72485,26912,127,100,50,75,51743132.3,892569.03,861
1778191370,2026-05-07 22:02:50,72664,26987,127,100,50,75,51911537.5,895474.02,862
1778191370,2026-05-07 22:02:50,72664,26987,127,100,50,75,51911537.5,895474.02,862
1778191370,2026-05-07 22:02:50,72664,26987,127,100,50,75,51911537.5,895474.02,862
1778191370,2026-05-07 22:02:50,72664,26987,127,100,50,75,51911537.5,895474.02,862
1778218956,2026-05-08 05:42:36,72732,27004,127,100,50,75,51978351.5,896626.56,862
1778225807,2026-05-08 07:36:47,72845,27026,127,100,50,75,52049343.0,897851.17,862
1778230044,2026-05-08 08:47:24,72943,27041,127,100,50,75,52131258.3,899264.21,862
1778235967,2026-05-08 10:26:07,73049,27065,127,100,50,75,52209669.5,900616.8,862
1778235967,2026-05-08 10:26:07,73049,27065,127,100,50,75,52209669.5,900616.8,862
1778248926,2026-05-08 14:02:06,73215,27127,127,100,50,75,52305763.9,902274.43,862
1778254831,2026-05-08 15:40:31,73415,27199,127,100,50,75,52399721.8,903895.2,861
1778259833,2026-05-08 17:03:53,73640,27273,127,100,50,75,52524176.2,906042.04,861
1778265452,2026-05-08 18:37:32,73909,27351,127,100,50,75,52690742.4,908915.31,861
1778269456,2026-05-08 19:44:16,74133,27434,127,100,50,75,52847278.4,911615.55,861
1778274088,2026-05-08 21:01:28,74311,27502,127,100,50,75,52975823.1,913832.95,861
1778277488,2026-05-08 21:58:08,74448,27548,128,100,50,75,53071907.4,915490.4,861
1778281234,2026-05-08 23:00:34,74593,27583,128,100,50,75,53231636.7,918245.73,862
1778284192,2026-05-08 23:49:52,74703,27609,128,100,50,75,53292281.4,919291.85,862
1778297944,2026-05-09 03:39:04,74801,27627,128,100,50,75,53361668.7,920488.78,862
1778304993,2026-05-09 05:36:33,74862,27634,128,100,50,75,53405289.4,921241.24,862
1778304993,2026-05-09 05:36:33,74862,27634,128,100,50,75,53405289.4,921241.24,862
1778318358,2026-05-09 09:19:18,74978,27664,128,100,50,75,53551614.4,923765.35,863
1778322152,2026-05-09 10:22:32,75066,27683,128,100,50,75,53646398.6,925400.38,863
1778325639,2026-05-09 11:20:39,75171,27704,128,100,50,75,53738426.9,926987.86,863
1778325639,2026-05-09 11:20:39,75171,27704,128,100,50,75,53738426.9,926987.86,863
1778334926,2026-05-09 13:55:26,75307,27733,128,100,50,75,53849711.8,928907.53,864
1778338690,2026-05-09 14:58:10,75441,27777,128,100,50,75,53934839.2,930375.98,863
1778338690,2026-05-09 14:58:10,75441,27777,128,100,50,75,53934839.2,930375.98,863
1778345667,2026-05-09 16:54:27,75662,27841,128,100,50,75,54106620.2,933339.2,864
1778345667,2026-05-09 16:54:27,75662,27841,128,100,50,75,54106620.2,933339.2,864
1778354297,2026-05-09 19:18:17,75865,27895,128,100,50,75,54255093.5,935900.36,864
1778357543,2026-05-09 20:12:23,76006,27926,128,100,50,75,54355228.1,937627.69,864
1778360224,2026-05-09 20:57:04,76104,27953,128,100,50,75,54423747.5,938809.64,864
1778363288,2026-05-09 21:48:08,76206,27984,128,100,50,75,54490011.6,939952.7,864
1778366796,2026-05-09 22:46:36,76311,28013,128,100,50,75,54656013.4,942816.23,866
1778370291,2026-05-09 23:44:51,76401,28033,128,100,50,75,54776886.4,944901.29,866
1778385081,2026-05-10 03:51:21,76474,28042,128,100,50,75,54845835.1,946090.66,867
1778393215,2026-05-10 06:06:55,76551,28058,128,100,50,75,54917508.0,947327.01,867
1778400834,2026-05-10 08:13:54,76665,28081,128,100,50,75,55031864.7,949299.67,867
1778406221,2026-05-10 09:43:41,76781,28105,128,100,50,75,55176087.8,951787.51,868
1778410120,2026-05-10 10:48:40,76884,28120,128,100,50,75,55258585.9,953210.61,868
1778410120,2026-05-10 10:48:40,76884,28120,128,100,50,75,55258585.9,953210.61,868
1778410120,2026-05-10 10:48:40,76884,28120,128,100,50,75,55258585.9,953210.61,868
1778423490,2026-05-10 14:31:30,77039,28171,128,100,50,75,55359014.3,954943.0,868
1778423490,2026-05-10 14:31:30,77039,28171,128,100,50,75,55359014.3,954943.0,868
1778423490,2026-05-10 14:31:30,77039,28171,128,100,50,75,55359014.3,954943.0,868
1778433782,2026-05-10 17:23:02,77239,28247,128,100,50,75,55499642.5,957368.83,868
1778433782,2026-05-10 17:23:02,77239,28247,128,100,50,75,55499642.5,957368.83,868
1778441559,2026-05-10 19:32:39,77421,28310,128,100,50,75,55629416.7,959607.44,868
1778443687,2026-05-10 20:08:07,77535,28340,128,100,50,75,55723434.2,961229.24,868
1778447946,2026-05-10 21:19:06,77657,28376,128,100,50,75,55808113.5,962689.96,868
1778447946,2026-05-10 21:19:06,77657,28376,128,100,50,75,55808113.5,962689.96,868
1778447946,2026-05-10 21:19:06,77657,28376,128,100,50,75,55808113.5,962689.96,868
1778447946,2026-05-10 21:19:06,77657,28376,128,100,50,75,55808113.5,962689.96,868
1778447946,2026-05-10 21:19:06,77657,28376,128,100,50,75,55808113.5,962689.96,868
1778447946,2026-05-10 21:19:06,77657,28376,128,100,50,75,55808113.5,962689.96,868
1778499343,2026-05-11 11:35:43,77772,28405,128,100,50,75,55901689.5,964304.14,868
1778499343,2026-05-11 11:35:43,77772,28405,128,100,50,75,55901689.5,964304.14,868
1778518364,2026-05-11 16:52:44,77978,28464,128,100,50,75,56015690.2,966270.66,868
1778525567,2026-05-11 18:52:47,78211,28545,128,100,50,75,56173888.5,968999.58,868
1778531815,2026-05-11 20:36:55,78405,28613,128,100,50,75,56305589.3,971271.41,868
1778531815,2026-05-11 20:36:55,78405,28613,128,100,50,75,56305589.3,971271.41,868
1778531815,2026-05-11 20:36:55,78405,28613,128,100,50,75,56305589.3,971271.41,868
1778531815,2026-05-11 20:36:55,78405,28613,128,100,50,75,56305589.3,971271.41,868
1778557726,2026-05-12 03:48:46,78418,28618,128,100,50,75,56306948.6,971294.86,868
1778567349,2026-05-12 06:29:09,78493,28626,128,100,50,75,56334807.9,971775.44,867
1778576491,2026-05-12 09:01:31,78602,28648,128,100,50,75,56394215.0,972800.21,867
1778584224,2026-05-12 11:10:24,78735,28673,128,100,50,75,56502200.0,974662.95,867
1778591399,2026-05-12 13:09:59,78845,28702,128,100,50,75,56605768.6,976449.51,868
1778600963,2026-05-12 15:49:23,79051,28769,128,100,50,75,56702314.4,978114.92,867
1778608395,2026-05-12 17:53:15,79277,28829,128,100,50,75,56845393.5,980583.04,867
1778615389,2026-05-12 19:49:49,79472,28901,128,100,50,75,56957023.0,982508.65,867
1778615389,2026-05-12 19:49:49,79472,28901,128,100,50,75,56957023.0,982508.65,867
1778625044,2026-05-12 22:30:44,79629,28967,128,100,50,75,57028010.9,983733.19,866
1778628578,2026-05-12 23:29:38,79733,29007,128,100,50,75,57082758.0,984677.58,866
1778635289,2026-05-13 01:21:29,79840,29039,128,100,50,75,57135299.4,985583.91,866
1778635289,2026-05-13 01:21:29,79840,29039,128,100,50,75,57135299.4,985583.91,866
1778635289,2026-05-13 01:21:29,79840,29039,128,100,50,75,57135299.4,985583.91,866
1778669274,2026-05-13 10:47:54,79942,29059,128,100,50,75,57195731.0,986626.36,865
1778677736,2026-05-13 13:08:56,80060,29105,128,100,50,75,57285808.4,988180.19,865
1778687322,2026-05-13 15:48:42,80275,29166,128,100,50,75,57380830.4,989819.32,865
1778694966,2026-05-13 17:56:06,80491,29228,128,100,50,75,57504617.3,991954.65,865
1778702177,2026-05-13 19:56:17,80694,29296,128,100,50,75,57617557.6,993902.87,864
1778707857,2026-05-13 21:30:57,80867,29355,128,100,50,75,57776184.0,996639.17,865
1778712080,2026-05-13 22:41:20,80999,29404,129,100,50,75,57879709.7,998424.99,865
1778715431,2026-05-13 23:37:11,81105,29440,129,100,50,75,57939404.9,999454.74,865
1778723481,2026-05-14 01:51:21,81205,29465,129,100,50,75,57992636.5,1000372.98,864
1778737629,2026-05-14 05:47:09,81257,29475,129,100,50,75,58021566.8,1000872.03,864
1778747115,2026-05-14 08:25:15,81365,29504,129,100,50,75,58103662.6,1002288.18,864
1778755178,2026-05-14 10:39:38,81462,29521,129,100,50,75,58184568.1,1003683.8,864
1778763140,2026-05-14 12:52:20,81571,29559,129,100,50,75,58268958.3,1005139.53,864
1778771620,2026-05-14 15:13:40,81743,29615,129,100,50,75,58356889.4,1006656.34,864
1778778527,2026-05-14 17:08:47,81960,29694,129,100,50,75,58489380.1,1008941.81,864
1778785061,2026-05-14 18:57:41,82182,29778,129,100,50,75,58619076.1,1011179.06,864
1778785061,2026-05-14 18:57:41,82182,29778,129,100,50,75,58619076.1,1011179.06,864
1778794831,2026-05-14 21:40:31,82378,29842,129,100,50,75,58775662.6,1013880.18,864
1778798682,2026-05-14 22:44:42,82493,29876,129,100,50,75,58844740.7,1015071.78,864
1778802796,2026-05-14 23:53:16,82635,29929,129,100,50,75,58966415.5,1017170.67,865
1778802796,2026-05-14 23:53:16,82635,29929,129,100,50,75,58966415.5,1017170.67,865
1778830054,2026-05-15 07:27:34,82738,29954,129,100,50,75,59084106.7,1019200.84,865
1778838711,2026-05-15 09:51:51,82836,29976,129,100,50,75,59203125.6,1021253.92,866
1778838711,2026-05-15 09:51:51,82836,29976,129,100,50,75,59203125.6,1021253.92,866
1778854518,2026-05-15 14:15:18,82991,30022,129,100,50,75,59261852.3,1022266.95,865
1778854518,2026-05-15 14:15:18,82991,30022,129,100,50,75,59261852.3,1022266.95,865
1778866841,2026-05-15 17:40:41,83248,30107,129,100,50,75,59391435.3,1024502.26,865
1778873756,2026-05-15 19:35:56,83453,30182,129,100,50,75,59497852.3,1026337.95,864
1778877127,2026-05-15 20:32:07,83613,30224,129,100,50,75,59640583.9,1028800.07,865
1778880692,2026-05-15 21:31:32,83743,30260,129,100,50,75,59737762.2,1030476.4,865
1778884170,2026-05-15 22:29:30,83857,30288,129,100,50,75,59811619.3,1031750.43,865
1778887635,2026-05-15 23:27:15,83967,30318,129,100,50,75,59888643.8,1033079.11,865
1778893930,2026-05-16 01:12:10,84112,30346,129,100,50,75,59958437.2,1034283.04,864
1778905759,2026-05-16 04:29:19,84189,30361,129,100,50,75,60010272.7,1035177.2,864
1778914303,2026-05-16 06:51:43,84265,30376,129,100,50,75,60120983.2,1037086.96,865
1778920869,2026-05-16 08:41:09,84350,30395,129,100,50,75,60251860.3,1039344.59,866
1778926599,2026-05-16 10:16:39,84448,30417,130,100,50,75,60379569.9,1041547.58,867
1778929506,2026-05-16 11:05:06,84531,30432,130,100,50,75,60453884.2,1042829.5,867
1778929506,2026-05-16 11:05:06,84531,30432,130,100,50,75,60453884.2,1042829.5,867
1778939739,2026-05-16 13:55:39,84660,30465,130,100,50,75,60557163.9,1044611.08,867
1778943721,2026-05-16 15:02:01,84782,30503,130,100,50,75,60615644.3,1045619.86,867
1778943721,2026-05-16 15:02:01,84782,30503,130,100,50,75,60615644.3,1045619.86,867
1778950787,2026-05-16 16:59:47,84944,30545,130,100,50,75,60733920.4,1047660.13,867
1778950787,2026-05-16 16:59:47,84944,30545,130,100,50,75,60733920.4,1047660.13,867
1778959097,2026-05-16 19:18:17,85163,30613,130,100,50,75,60865026.4,1049921.7,867
1778959097,2026-05-16 19:18:17,85163,30613,130,100,50,75,60865026.4,1049921.7,867
1778965603,2026-05-16 21:06:43,85320,30662,130,100,50,75,60995377.4,1052170.26,867
1778968421,2026-05-16 21:53:41,85382,30682,130,100,50,75,61048265.7,1053082.58,867
1778972099,2026-05-16 22:54:59,85489,30711,130,100,50,75,61187184.1,1055478.93,868
1778972099,2026-05-16 22:54:59,85489,30711,130,100,50,75,61187184.1,1055478.93,868
1778990752,2026-05-17 04:05:52,85555,30719,130,100,50,75,61237638.0,1056349.25,868
1779001289,2026-05-17 07:01:29,85640,30736,130,100,50,75,61350814.5,1058301.55,869
1779008404,2026-05-17 09:00:04,85728,30752,130,100,50,75,61446927.8,1059959.5,869
1779008404,2026-05-17 09:00:04,85728,30752,130,100,50,75,61446927.8,1059959.5,869
1779017080,2026-05-17 11:24:40,85829,30781,130,100,50,75,61550451.0,1061745.28,870
1779020811,2026-05-17 12:26:51,85924,30796,130,100,50,75,61632018.1,1063152.31,870
1779020811,2026-05-17 12:26:51,85924,30796,130,100,50,75,61632018.1,1063152.31,870
1779031277,2026-05-17 15:21:17,86066,30842,130,100,50,75,61730127.0,1064844.69,870
1779033797,2026-05-17 16:03:17,86237,30905,130,100,50,75,61830426.4,1066574.86,870
1779037820,2026-05-17 17:10:20,86397,30947,130,100,50,75,61941322.9,1068487.82,869
1779042747,2026-05-17 18:32:27,86564,31004,130,100,50,75,62098560.4,1071200.17,870
1779047058,2026-05-17 19:44:18,86715,31052,130,100,50,75,62192730.5,1072824.6,870
1779049801,2026-05-17 20:30:01,86840,31098,130,100,50,75,62292121.5,1074539.1,870
1779049801,2026-05-17 20:30:01,86840,31098,130,100,50,75,62292121.5,1074539.1,870
1779057567,2026-05-17 22:39:27,86979,31146,130,100,50,75,62404766.1,1076482.22,870
1779060403,2026-05-17 23:26:43,87080,31174,130,100,50,75,62498607.8,1078100.98,870
1779060403,2026-05-17 23:26:43,87080,31174,130,100,50,75,62498607.8,1078100.98,870
1779060403,2026-05-17 23:26:43,87080,31174,130,100,50,75,62498607.8,1078100.98,870
1779060403,2026-05-17 23:26:43,87080,31174,130,100,50,75,62498607.8,1078100.98,870
1779060403,2026-05-17 23:26:43,87080,31174,130,100,50,75,62498607.8,1078100.98,870
1779123815,2026-05-18 17:03:35,87252,31229,130,100,50,75,62613197.9,1080077.66,870
1779130542,2026-05-18 18:55:42,87448,31292,130,100,50,75,62759893.8,1082608.17,870
1779136446,2026-05-18 20:34:06,87588,31327,130,100,50,75,62852480.2,1084205.28,870
1779136446,2026-05-18 20:34:06,87588,31327,130,100,50,75,62852480.2,1084205.28,870
1779144345,2026-05-18 22:45:45,87732,31374,130,100,50,75,62972781.7,1086280.48,870
1779144345,2026-05-18 22:45:45,87732,31374,130,100,50,75,62972781.7,1086280.48,870
1779144345,2026-05-18 22:45:45,87732,31374,130,100,50,75,62972781.7,1086280.48,870
1779144345,2026-05-18 22:45:45,87732,31374,130,100,50,75,62972781.7,1086280.48,870
1779188631,2026-05-19 11:03:51,87838,31401,130,100,50,75,63079169.2,1088115.67,871
1779199237,2026-05-19 14:00:37,87976,31439,130,100,50,75,63160061.7,1089511.07,870
1779210057,2026-05-19 17:00:57,88165,31504,130,100,50,75,63252005.1,1091097.09,870
1779217676,2026-05-19 19:07:56,88351,31565,130,100,50,75,63380022.2,1093305.38,870
1779223168,2026-05-19 20:39:28,88506,31624,130,100,50,75,63482835.0,1095078.9,870
1779228085,2026-05-19 22:01:25,88627,31668,130,100,50,75,63580799.0,1096768.78,870
1779233069,2026-05-19 23:24:29,88749,31699,130,100,50,75,63704352.8,1098900.09,871
1779233069,2026-05-19 23:24:29,88749,31699,130,100,50,75,63704352.8,1098900.09,871
1779233069,2026-05-19 23:24:29,88749,31699,130,100,50,75,63704352.8,1098900.09,871
1779266335,2026-05-20 08:38:55,88860,31736,130,100,50,75,63783324.9,1100262.35,871
1779276085,2026-05-20 11:21:25,88951,31765,130,100,50,75,63899187.6,1102260.99,871
1779276085,2026-05-20 11:21:25,88951,31765,130,100,50,75,63899187.6,1102260.99,871
1779297649,2026-05-20 17:20:49,89155,31828,130,100,50,75,64004943.5,1104085.28,871
1779306030,2026-05-20 19:40:30,89369,31885,130,100,50,75,64117618.7,1106028.92,871
1779306030,2026-05-20 19:40:30,89369,31885,130,100,50,75,64117618.7,1106028.92,871
1779317463,2026-05-20 22:51:03,89503,31931,130,100,50,75,64218821.6,1107774.67,871
1779321712,2026-05-21 00:01:52,89621,31960,130,100,50,75,64290088.8,1109004.03,871
1779338013,2026-05-21 04:33:33,89693,31975,130,100,50,75,64321610.4,1109547.78,870
1779350915,2026-05-21 08:08:35,89782,31990,130,100,50,75,64376054.3,1110486.94,870
1779362552,2026-05-21 11:22:32,89876,32011,130,100,50,75,64436856.9,1111535.78,870
1779373040,2026-05-21 14:17:20,90049,32055,130,100,50,75,64538988.2,1113297.55,870
1779383151,2026-05-21 17:05:51,90283,32127,130,100,50,75,64663679.8,1115448.48,870
1779390157,2026-05-21 19:02:37,90509,32216,130,100,50,75,64792954.3,1117678.46,869
1779396828,2026-05-21 20:53:48,90687,32283,132,100,50,75,64901663.9,1119553.7,869
1779396828,2026-05-21 20:53:48,90687,32283,132,100,50,75,64901663.9,1119553.7,869
1779406175,2026-05-21 23:29:35,90837,32332,132,100,50,75,64982777.1,1120952.9,869
1779413424,2026-05-22 01:30:24,90971,32362,132,100,50,75,65041285.2,1121962.17,868
1779427123,2026-05-22 05:18:43,91037,32374,132,100,50,75,65078300.4,1122600.68,868
1779427123,2026-05-22 05:18:43,91037,32374,132,100,50,75,65078300.4,1122600.68,868
1779450558,2026-05-22 11:49:18,91153,32406,132,100,50,75,65165340.4,1124102.12,868
1779462446,2026-05-22 15:07:26,91328,32458,132,100,50,75,65248474.4,1125536.18,868
1779468962,2026-05-22 16:56:02,91571,32525,132,100,50,75,65379415.1,1127794.91,867
1779475691,2026-05-22 18:48:11,91824,32612,132,100,50,75,65514081.9,1130117.91,867
1779475691,2026-05-22 18:48:11,91824,32612,132,100,50,75,65514081.9,1130117.91,867
1779485679,2026-05-22 21:34:39,91985,32662,132,100,50,75,65614118.3,1131843.54,867
1779490296,2026-05-22 22:51:36,92129,32714,132,100,50,75,65688767.4,1133131.24,866
1779490296,2026-05-22 22:51:36,92129,32714,132,100,50,75,65688767.4,1133131.24,866
1779508464,2026-05-23 03:54:24,92222,32728,132,100,50,75,65740395.7,1134021.83,866
1779516739,2026-05-23 06:12:19,92298,32739,132,100,50,75,65795144.2,1134966.24,866
1779525595,2026-05-23 08:39:55,92397,32768,132,100,50,75,65882420.3,1136471.75,866
1779525595,2026-05-23 08:39:55,92397,32768,132,100,50,75,65882420.3,1136471.75,866
1779525595,2026-05-23 08:39:55,92397,32768,132,100,50,75,65882420.3,1136471.75,866
1779525595,2026-05-23 08:39:55,92397,32768,132,100,50,75,65882420.3,1136471.75,866
1779545277,2026-05-23 14:07:57,92522,32801,132,100,50,75,65972378.7,1138023.53,866
1779545277,2026-05-23 14:07:57,92522,32801,132,100,50,75,65972378.7,1138023.53,866
1779553639,2026-05-23 16:27:19,92684,32852,132,100,50,75,66073790.2,1139772.88,866
1779557396,2026-05-23 17:29:56,92831,32892,132,100,50,75,66174029.3,1141502.0,866
1779561009,2026-05-23 18:30:09,92991,32943,132,100,50,75,66295053.6,1143589.68,866
1779561009,2026-05-23 18:30:09,92991,32943,132,100,50,75,66295053.6,1143589.68,866
1779569199,2026-05-23 20:46:39,93123,32981,132,100,50,75,66410072.9,1145573.76,866
1779572746,2026-05-23 21:45:46,93219,33008,132,100,50,75,66475882.0,1146708.96,866
1779576636,2026-05-23 22:50:36,93303,33030,132,100,50,75,66529836.7,1147639.68,866
1779580100,2026-05-23 23:48:20,93375,33047,132,100,50,75,66560213.4,1148163.68,866
1779580100,2026-05-23 23:48:20,93375,33047,132,100,50,75,66560213.4,1148163.68,866
1779580100,2026-05-23 23:48:20,93375,33047,132,100,50,75,66560213.4,1148163.68,866
1779614178,2026-05-24 09:16:18,93471,33064,132,100,50,75,66645012.5,1149626.47,866
1779619142,2026-05-24 10:39:02,93571,33082,132,100,50,75,66716845.4,1150865.58,866
1779623408,2026-05-24 11:50:08,93665,33099,132,100,50,75,66778988.1,1151937.54,866
1779630214,2026-05-24 13:43:34,93815,33140,132,100,50,75,66910879.2,1154212.67,866
1779630214,2026-05-24 13:43:34,93815,33140,132,100,50,75,66910879.2,1154212.67,866
1779630214,2026-05-24 13:43:34,93815,33140,132,100,50,75,66910879.2,1154212.67,866
1779630214,2026-05-24 13:43:34,93815,33140,132,100,50,75,66910879.2,1154212.67,866
1779646217,2026-05-24 18:10:17,93987,33194,132,100,50,75,67033051.5,1156320.14,866
1779651059,2026-05-24 19:30:59,94143,33234,132,100,50,75,67150901.6,1158353.05,866
1779655117,2026-05-24 20:38:37,94262,33275,132,100,50,75,67238974.2,1159872.31,867
1779658119,2026-05-24 21:28:39,94325,33293,132,100,50,75,67289731.3,1160747.87,867
1779658119,2026-05-24 21:28:39,94325,33293,132,100,50,75,67289731.3,1160747.87,867
1779658119,2026-05-24 21:28:39,94325,33293,132,100,50,75,67289731.3,1160747.87,867
1779658119,2026-05-24 21:28:39,94325,33293,132,100,50,75,67289731.3,1160747.87,867
1779697532,2026-05-25 08:25:32,94413,33316,132,100,50,75,67380592.5,1162315.22,867
1779697532,2026-05-25 08:25:32,94413,33316,132,100,50,75,67380592.5,1162315.22,867
1779697532,2026-05-25 08:25:32,94413,33316,132,100,50,75,67380592.5,1162315.22,867
1779728983,2026-05-25 17:09:43,94626,33383,132,100,50,75,67484959.2,1164115.55,866
1779728983,2026-05-25 17:09:43,94626,33383,132,100,50,75,67484959.2,1164115.55,866
1779728983,2026-05-25 17:09:43,94626,33383,132,100,50,75,67484959.2,1164115.55,866
1779728983,2026-05-25 17:09:43,94626,33383,132,100,50,75,67484959.2,1164115.55,866
1779728983,2026-05-25 17:09:43,94626,33383,132,100,50,75,67484959.2,1164115.55,866
1779751585,2026-05-25 23:26:25,94741,33424,132,100,50,75,67546304.4,1165173.75,866
1779751585,2026-05-25 23:26:25,94741,33424,132,100,50,75,67546304.4,1165173.75,866
1779776453,2026-05-26 06:20:53,94827,33442,132,100,50,75,67600249.4,1166104.3,866
1779790644,2026-05-26 10:17:24,94953,33477,132,100,50,75,67714801.7,1168080.33,866
1779790644,2026-05-26 10:17:24,94953,33477,132,100,50,75,67714801.7,1168080.33,866
1779790644,2026-05-26 10:17:24,94953,33477,132,100,50,75,67714801.7,1168080.33,866
1779790644,2026-05-26 10:17:24,94953,33477,132,100,50,75,67714801.7,1168080.33,866
1779790644,2026-05-26 10:17:24,94953,33477,132,100,50,75,67714801.7,1168080.33,866
1779790644,2026-05-26 10:17:24,94953,33477,132,100,50,75,67714801.7,1168080.33,866
1779838185,2026-05-26 23:29:45,95071,33513,132,100,50,75,67766751.8,1168976.47,866
1779846083,2026-05-27 01:41:23,95181,33537,132,100,50,75,67810568.7,1169732.31,865
1779862111,2026-05-27 06:08:31,95253,33550,132,100,50,75,67848972.3,1170394.77,865
1779877574,2026-05-27 10:26:14,95357,33580,132,100,50,75,67918747.3,1171598.39,865
1779877574,2026-05-27 10:26:14,95357,33580,132,100,50,75,67918747.3,1171598.39,865
1779877574,2026-05-27 10:26:14,95357,33580,132,100,50,75,67918747.3,1171598.39,865
1779910011,2026-05-27 19:26:51,95580,33645,132,100,50,75,68052721.0,1173909.44,865
1779910011,2026-05-27 19:26:51,95580,33645,132,100,50,75,68052721.0,1173909.44,865
1779910011,2026-05-27 19:26:51,95580,33645,132,100,50,75,68052721.0,1173909.44,865
1779910011,2026-05-27 19:26:51,95580,33645,132,100,50,75,68052721.0,1173909.44,865
1779910011,2026-05-27 19:26:51,95580,33645,132,100,50,75,68052721.0,1173909.44,865
1779910011,2026-05-27 19:26:51,95580,33645,132,100,50,75,68052721.0,1173909.44,865
1779910011,2026-05-27 19:26:51,95580,33645,132,100,50,75,68052721.0,1173909.44,865
1779984710,2026-05-28 16:11:50,95791,33712,132,100,50,75,68146133.3,1175520.8,864
1779994656,2026-05-28 18:57:36,95994,33775,132,100,50,75,68262299.0,1177524.66,864
1780002420,2026-05-28 21:07:00,96183,33839,132,100,50,75,68357562.1,1179167.95,864
1780002420,2026-05-28 21:07:00,96183,33839,132,100,50,75,68357562.1,1179167.95,864
1780002420,2026-05-28 21:07:00,96183,33839,132,100,50,75,68357562.1,1179167.95,864
1780028536,2026-05-29 04:22:16,96263,33854,132,100,50,75,68395026.2,1179814.2,863
1780042447,2026-05-29 08:14:07,96366,33882,132,100,50,75,68460254.5,1180939.39,863
1780042447,2026-05-29 08:14:07,96366,33882,132,100,50,75,68460254.5,1180939.39,863
1780064733,2026-05-29 14:25:33,96528,33943,132,100,50,75,68531366.1,1182166.06,863
1780076666,2026-05-29 17:44:26,96761,34014,132,100,50,75,68654211.0,1184285.14,862
1780085480,2026-05-29 20:11:20,96997,34094,132,100,50,75,68796108.7,1186732.88,862
1780085480,2026-05-29 20:11:20,96997,34094,132,100,50,75,68796108.7,1186732.88,862
1780085480,2026-05-29 20:11:20,96997,34094,132,100,50,75,68796108.7,1186732.88,862
1780085480,2026-05-29 20:11:20,96997,34094,132,100,50,75,68796108.7,1186732.88,862
1780085480,2026-05-29 20:11:20,96997,34094,132,100,50,75,68796108.7,1186732.88,862
1780085480,2026-05-29 20:11:20,96997,34094,132,100,50,75,68796108.7,1186732.88,862
1780085480,2026-05-29 20:11:20,96997,34094,132,100,50,75,68796108.7,1186732.88,862
1780085480,2026-05-29 20:11:20,96997,34094,132,100,50,75,68796108.7,1186732.88,862
1780085480,2026-05-29 20:11:20,96997,34094,132,100,50,75,68796108.7,1186732.88,862
1780085480,2026-05-29 20:11:20,96997,34094,132,100,50,75,68796108.7,1186732.88,862
1780155083,2026-05-30 15:31:23,97190,34174,132,100,50,75,68952940.0,1189438.21,863
1780158680,2026-05-30 16:31:20,97357,34213,132,100,50,75,69063571.0,1191346.6,862
1780162594,2026-05-30 17:36:34,97534,34271,132,100,50,75,69176788.3,1193299.6,862
1780167380,2026-05-30 18:56:20,97737,34347,132,100,50,75,69323410.1,1195828.82,862
1780171083,2026-05-30 19:58:03,97924,34400,132,100,50,75,69483853.7,1198596.48,863
1780175320,2026-05-30 21:08:40,98039,34429,132,100,50,75,69612329.6,1200812.69,863
1780179628,2026-05-30 22:20:28,98089,34450,132,100,50,75,69636871.9,1201236.04,863
1780183166,2026-05-30 23:19:26,98122,34466,132,100,50,75,69643256.5,1201346.17,863
1780189197,2026-05-31 00:59:57,98940,35202,132,100,50,75,70345314.0,1213456.67,865
1780189197,2026-05-31 00:59:57,98940,35202,132,100,50,75,70345314.0,1213456.67,865
1780218258,2026-05-31 09:04:18,98948,35208,132,100,50,75,70347230.4,1213489.72,865
1780225127,2026-05-31 10:58:47,99039,35240,132,100,50,75,70425534.7,1214840.47,865
1780225127,2026-05-31 10:58:47,99039,35240,132,100,50,75,70425534.7,1214840.47,865
1780225127,2026-05-31 10:58:47,99039,35240,132,100,50,75,70425534.7,1214840.47,865
1780241982,2026-05-31 15:39:42,99203,35295,132,100,50,75,70518537.0,1216444.76,865
1780241982,2026-05-31 15:39:42,99203,35295,132,100,50,75,70518537.0,1216444.76,865
1780249422,2026-05-31 17:43:42,99429,35371,132,100,50,75,70634993.4,1218453.64,864
1780249422,2026-05-31 17:43:42,99429,35371,132,100,50,75,70634993.4,1218453.64,864
1780259130,2026-05-31 20:25:30,99661,35450,132,100,50,75,70762005.9,1220644.6,864
1780262650,2026-05-31 21:24:10,99796,35486,132,100,50,75,70861399.1,1222359.13,864
1780266434,2026-05-31 22:27:14,99918,35523,132,100,50,75,70972826.0,1224281.25,864
1780270119,2026-05-31 23:28:39,100054,35554,132,100,50,75,71054076.2,1225682.82,864
1780278326,2026-06-01 01:45:26,100166,35583,132,100,50,75,71109216.1,1226633.98,863
1780278326,2026-06-01 01:45:26,100166,35583,132,100,50,75,71109216.1,1226633.98,863
1780318497,2026-06-01 12:54:57,100280,35616,132,100,50,75,71176308.2,1227791.32,863
1780318497,2026-06-01 12:54:57,100280,35616,132,100,50,75,71176308.2,1227791.32,863
1780350140,2026-06-01 21:42:20,100434,35669,132,100,50,75,71319363.2,1230259.02,864
1780356378,2026-06-01 23:26:18,100581,35706,132,100,50,75,71430949.5,1232183.88,864
1780364282,2026-06-02 01:38:02,100698,35740,132,100,50,75,71475043.4,1232944.5,863
1780364282,2026-06-02 01:38:02,100698,35740,132,100,50,75,71475043.4,1232944.5,863
1780396951,2026-06-02 10:42:31,100799,35765,132,100,50,75,71541002.4,1234082.29,863
1780412596,2026-06-02 15:03:16,100966,35815,132,100,50,75,71621987.3,1235479.28,863
1780412596,2026-06-02 15:03:16,100966,35815,132,100,50,75,71621987.3,1235479.28,863
1780436236,2026-06-02 21:37:16,101126,35881,132,100,50,75,71752506.3,1237730.73,863
1780441501,2026-06-02 23:05:01,101266,35921,132,100,50,75,71890739.1,1240115.25,863
1780451767,2026-06-03 01:56:07,101351,35933,132,100,50,75,71928409.2,1240765.06,863
1780469220,2026-06-03 06:47:00,101451,35958,133,100,50,75,71988171.6,1241795.96,863
1780469220,2026-06-03 06:47:00,101451,35958,133,100,50,75,71988171.6,1241795.96,863
1780469220,2026-06-03 06:47:00,101451,35958,133,100,50,75,71988171.6,1241795.96,863
1780517877,2026-06-03 20:17:57,101637,36029,133,100,50,75,72096630.2,1243666.87,863
1780526327,2026-06-03 22:38:47,101793,36077,133,100,50,75,72164833.1,1244843.37,862
1780526327,2026-06-03 22:38:47,101793,36077,133,100,50,75,72164833.1,1244843.37,862
1780526327,2026-06-03 22:38:47,101793,36077,133,100,50,75,72164833.1,1244843.37,862
1780563258,2026-06-04 08:54:18,101895,36101,133,100,50,75,72230726.1,1245980.03,862
1780563258,2026-06-04 08:54:18,101895,36101,133,100,50,75,72230726.1,1245980.03,862
1780587469,2026-06-04 15:37:49,102112,36165,133,100,50,75,72326318.4,1247628.99,862
1780587469,2026-06-04 15:37:49,102112,36165,133,100,50,75,72326318.4,1247628.99,862
1780603569,2026-06-04 20:06:09,102336,36249,133,100,50,75,72466137.2,1250040.87,861
1780603569,2026-06-04 20:06:09,102336,36249,133,100,50,75,72466137.2,1250040.87,861
1780613869,2026-06-04 22:57:49,102491,36295,133,100,50,75,72551219.2,1251508.53,861
1780622626,2026-06-05 01:23:46,102641,36340,133,100,50,75,72624885.6,1252779.28,861
1780622626,2026-06-05 01:23:46,102641,36340,133,100,50,75,72624885.6,1252779.28,861
1780652961,2026-06-05 09:49:21,102750,36370,133,100,50,75,72696205.6,1254009.55,861
1780665282,2026-06-05 13:14:42,102884,36408,133,100,50,75,72815643.0,1256069.84,861
1780665282,2026-06-05 13:14:42,102884,36408,133,100,50,75,72815643.0,1256069.84,861
1780665282,2026-06-05 13:14:42,102884,36408,133,100,50,75,72815643.0,1256069.84,861
1780665282,2026-06-05 13:14:42,102884,36408,133,100,50,75,72815643.0,1256069.84,861
1780695528,2026-06-05 21:38:48,103074,36481,133,100,50,75,72937639.5,1258174.28,861
1780698429,2026-06-05 22:27:09,103204,36523,133,100,50,75,73058968.4,1260267.21,861
1780702887,2026-06-05 23:41:27,103331,36555,133,100,50,75,73133463.2,1261552.24,861
1780718184,2026-06-06 03:56:24,103403,36569,133,100,50,75,73204999.0,1262786.23,861
1780729402,2026-06-06 07:03:22,103491,36593,133,100,50,75,73326141.9,1264875.95,862
1780729402,2026-06-06 07:03:22,103491,36593,133,100,50,75,73326141.9,1264875.95,862
1780743039,2026-06-06 10:50:39,103598,36614,133,100,50,75,73418013.4,1266460.73,862
1780746630,2026-06-06 11:50:30,103691,36641,133,100,50,75,73494794.3,1267785.2,862
1780753838,2026-06-06 13:50:38,103827,36674,133,100,50,75,73573901.8,1269149.81,862
1780759629,2026-06-06 15:27:09,103989,36729,133,100,50,75,73661548.1,1270661.71,862
1780763690,2026-06-06 16:34:50,104169,36764,133,100,50,75,73803190.6,1273105.04,862
1780768224,2026-06-06 17:50:24,104329,36807,133,100,50,75,73916571.2,1275060.85,862
1780774058,2026-06-06 19:27:38,104529,36856,133,100,50,75,74039773.7,1277186.1,862
1780777627,2026-06-06 20:27:07,104645,36891,133,100,50,75,74151641.4,1279115.81,862
1780781227,2026-06-06 21:27:07,104742,36915,133,100,50,75,74225020.3,1280381.6,862
1780785486,2026-06-06 22:38:06,104853,36946,133,100,50,75,74342137.7,1282401.88,863
1780788996,2026-06-06 23:36:36,104955,36971,133,100,50,75,74409791.2,1283568.9,863
1780788996,2026-06-06 23:36:36,104955,36971,133,100,50,75,74409791.2,1283568.9,863
1780818935,2026-06-07 07:55:35,105052,36989,133,100,50,75,74506374.5,1285234.96,863
1780826697,2026-06-07 10:04:57,105152,37011,133,100,50,75,74574173.5,1286404.49,863
1780833372,2026-06-07 11:56:12,105242,37034,133,100,50,75,74658051.7,1287851.39,863
1780840542,2026-06-07 13:55:42,105362,37074,133,100,50,75,74745091.2,1289352.82,863
1780840542,2026-06-07 13:55:42,105362,37074,133,100,50,75,74745091.2,1289352.82,863
1780840542,2026-06-07 13:55:42,105362,37074,133,100,50,75,74745091.2,1289352.82,863
1780840542,2026-06-07 13:55:42,105362,37074,133,100,50,75,74745091.2,1289352.82,863
1780840542,2026-06-07 13:55:42,105362,37074,133,100,50,75,74745091.2,1289352.82,863
1780864693,2026-06-07 20:38:13,105551,37146,133,100,50,75,74870872.3,1291522.55,863
1780864693,2026-06-07 20:38:13,105551,37146,133,100,50,75,74870872.3,1291522.55,863
1780873643,2026-06-07 23:07:23,105680,37189,133,100,50,75,74978081.3,1293371.9,863
1780873643,2026-06-07 23:07:23,105680,37189,133,100,50,75,74978081.3,1293371.9,863
1780899541,2026-06-08 06:19:01,105759,37201,133,100,50,75,75023933.0,1294162.84,863
1780917533,2026-06-08 11:18:53,105877,37223,133,100,50,75,75103167.3,1295529.64,863
1780931967,2026-06-08 15:19:27,106070,37281,133,100,50,75,75205952.4,1297302.68,863
1780941223,2026-06-08 17:53:43,106291,37349,133,100,50,75,75349570.3,1299780.09,863
1780950267,2026-06-08 20:24:27,106519,37421,133,100,50,75,75495058.7,1302289.76,863
1780955840,2026-06-08 21:57:20,106643,37458,133,100,50,75,75604066.2,1304170.14,863
1780960864,2026-06-08 23:21:04,106756,37492,133,100,50,75,75683320.2,1305537.27,863
1780960864,2026-06-08 23:21:04,106756,37492,133,100,50,75,75683320.2,1305537.27,863
1780960864,2026-06-08 23:21:04,106756,37492,133,100,50,75,75683320.2,1305537.27,863
1780960864,2026-06-08 23:21:04,106756,37492,133,100,50,75,75683320.2,1305537.27,863
1780960864,2026-06-08 23:21:04,106756,37492,133,100,50,75,75683320.2,1305537.27,863
1781017954,2026-06-09 15:12:34,106957,37539,133,100,50,75,75810446.1,1307730.2,863
1781025790,2026-06-09 17:23:10,107123,37586,133,100,50,75,75913541.6,1309508.59,863
1781025790,2026-06-09 17:23:10,107123,37586,133,100,50,75,75913541.6,1309508.59,863
1781025790,2026-06-09 17:23:10,107123,37586,133,100,50,75,75913541.6,1309508.59,863
1781025790,2026-06-09 17:23:10,107123,37586,133,100,50,75,75913541.6,1309508.59,863
1781025790,2026-06-09 17:23:10,107123,37586,133,100,50,75,75913541.6,1309508.59,863
1781065480,2026-06-10 04:24:40,107210,37603,133,100,50,75,75981095.4,1310673.9,863
1781065480,2026-06-10 04:24:40,107210,37603,133,100,50,75,75981095.4,1310673.9,863
1781092465,2026-06-10 11:54:25,107329,37634,133,100,50,75,76097484.6,1312681.61,863
1781107054,2026-06-10 15:57:34,107548,37697,133,100,50,75,76196951.3,1314397.41,863
1781107054,2026-06-10 15:57:34,107548,37697,133,100,50,75,76196951.3,1314397.41,863
1781125229,2026-06-10 21:00:29,107734,37756,133,100,50,75,76368483.4,1317356.34,863
1781125229,2026-06-10 21:00:29,107734,37756,133,100,50,75,76368483.4,1317356.34,863
1781125229,2026-06-10 21:00:29,107734,37756,133,100,50,75,76368483.4,1317356.34,863
1781157926,2026-06-11 06:05:26,107811,37765,133,100,50,75,76407380.8,1318027.32,863
1781175116,2026-06-11 10:51:56,107938,37791,133,100,50,75,76501475.1,1319650.45,863
1781188826,2026-06-11 14:40:26,108104,37840,133,100,50,75,76589249.7,1321164.56,863
1781200788,2026-06-11 17:59:48,108360,37939,133,100,50,75,76777322.1,1324408.81,863
1781200788,2026-06-11 17:59:48,108360,37939,133,100,50,75,76777322.1,1324408.81,863
1781200788,2026-06-11 17:59:48,108360,37939,133,100,50,75,76777322.1,1324408.81,863
1781221865,2026-06-11 23:51:05,108535,37995,133,100,50,75,76947154.5,1327338.41,864
1781239530,2026-06-12 04:45:30,108605,38006,133,100,50,75,76986455.0,1328016.35,863
1781239530,2026-06-12 04:45:30,108605,38006,133,100,50,75,76986455.0,1328016.35,863
1781266672,2026-06-12 12:17:52,108736,38045,133,100,50,75,77094326.8,1329877.14,864
1781266672,2026-06-12 12:17:52,108736,38045,133,100,50,75,77094326.8,1329877.14,864
1781266672,2026-06-12 12:17:52,108736,38045,133,100,50,75,77094326.8,1329877.14,864
1781294382,2026-06-12 19:59:42,108970,38128,133,100,50,75,77234745.1,1332299.35,863
1781294382,2026-06-12 19:59:42,108970,38128,133,100,50,75,77234745.1,1332299.35,863
1781294382,2026-06-12 19:59:42,108970,38128,133,100,50,75,77234745.1,1332299.35,863
1781294382,2026-06-12 19:59:42,108970,38128,133,100,50,75,77234745.1,1332299.35,863
1781294382,2026-06-12 19:59:42,108970,38128,133,100,50,75,77234745.1,1332299.35,863
1781342873,2026-06-13 09:27:53,109069,38151,133,100,50,75,77339029.5,1334098.26,864
1781342873,2026-06-13 09:27:53,109069,38151,133,100,50,75,77339029.5,1334098.26,864
1781355255,2026-06-13 12:54:15,109182,38179,133,100,50,75,77404014.7,1335219.25,863
1781362820,2026-06-13 15:00:20,109353,38226,133,100,50,75,77504069.9,1336945.21,863
1781362820,2026-06-13 15:00:20,109353,38226,133,100,50,75,77504069.9,1336945.21,863
1781362820,2026-06-13 15:00:20,109353,38226,133,100,50,75,77504069.9,1336945.21,863
1781362820,2026-06-13 15:00:20,109353,38226,133,100,50,75,77504069.9,1336945.21,863
1781383572,2026-06-13 20:46:12,109529,38283,133,100,50,75,77630829.7,1339131.81,863
1781383572,2026-06-13 20:46:12,109529,38283,133,100,50,75,77630829.7,1339131.81,863
1781383572,2026-06-13 20:46:12,109529,38283,133,100,50,75,77630829.7,1339131.81,863
1781400932,2026-06-14 01:35:32,109633,38298,133,100,50,75,77691399.4,1340176.64,863
1781418290,2026-06-14 06:24:50,109708,38314,133,100,50,75,77741896.9,1341047.72,863
1781430870,2026-06-14 09:54:30,109816,38342,133,100,50,75,77830867.5,1342582.46,863
1781438525,2026-06-14 12:02:05,109921,38369,133,100,50,75,77906813.2,1343892.53,863
1781438525,2026-06-14 12:02:05,109921,38369,133,100,50,75,77906813.2,1343892.53,863
1781452216,2026-06-14 15:50:16,110112,38421,133,100,50,75,78025476.4,1345939.47,863
1781458380,2026-06-14 17:33:00,110308,38483,133,100,50,75,78163302.1,1348316.96,863
1781462913,2026-06-14 18:48:33,110469,38543,133,100,50,75,78284579.8,1350409.0,863
1781467795,2026-06-14 20:09:55,110668,38600,133,100,50,75,78451043.9,1353280.51,863
1781473030,2026-06-14 21:37:10,110834,38656,133,100,50,75,78580847.9,1355519.63,864
1781476926,2026-06-14 22:42:06,110959,38705,133,100,50,75,78658923.1,1356866.42,863
1781476926,2026-06-14 22:42:06,110959,38705,133,100,50,75,78658923.1,1356866.42,863
1781499281,2026-06-15 04:54:41,111026,38718,133,100,50,75,78725606.4,1358016.71,864
1781522278,2026-06-15 11:17:58,111138,38748,133,100,50,75,78808837.4,1359452.44,864
1781522278,2026-06-15 11:17:58,111138,38748,133,100,50,75,78808837.4,1359452.44,864
1781553159,2026-06-15 19:52:39,111361,38829,133,100,50,75,78947103.9,1361837.54,863
1781561308,2026-06-15 22:08:28,111531,38889,133,100,50,75,79026259.1,1363202.97,863
1781567573,2026-06-15 23:52:53,111681,38930,133,100,50,75,79129345.5,1364981.21,863
1781586884,2026-06-16 05:14:44,111766,38949,133,100,50,75,79186825.8,1365972.74,863
1781604854,2026-06-16 10:14:14,111899,38988,133,100,50,75,79309491.0,1368088.72,864
1781623080,2026-06-16 15:18:00,112116,39047,133,100,50,75,79403624.0,1369712.51,863
1781635843,2026-06-16 18:50:43,112370,39124,133,100,50,75,79549434.0,1372227.74,863
1781635843,2026-06-16 18:50:43,112370,39124,133,100,50,75,79549434.0,1372227.74,863
1781650580,2026-06-16 22:56:20,112516,39164,133,100,50,75,79626446.0,1373556.19,863
1781659591,2026-06-17 01:26:31,112658,39207,133,100,50,75,79688568.9,1374627.81,863
1781677816,2026-06-17 06:30:16,112748,39221,133,100,50,75,79741545.6,1375541.66,863
1781695149,2026-06-17 11:19:09,112857,39240,133,100,50,75,79814508.8,1376800.28,862
1781706604,2026-06-17 14:30:04,113052,39293,133,100,50,75,79907001.3,1378395.77,862
1781716882,2026-06-17 17:21:22,113295,39369,133,100,50,75,80039010.9,1380672.94,862
1781724668,2026-06-17 19:31:08,113524,39442,133,100,50,75,80182281.5,1383144.36,862
1781724668,2026-06-17 19:31:08,113524,39442,133,100,50,75,80182281.5,1383144.36,862
1781724668,2026-06-17 19:31:08,113524,39442,133,100,50,75,80182281.5,1383144.36,862
1781746431,2026-06-18 01:33:51,113642,39479,133,100,50,75,80249315.3,1384300.69,861
1781763284,2026-06-18 06:14:44,113751,39496,133,100,50,75,80349440.5,1386027.85,862
1781763284,2026-06-18 06:14:44,113751,39496,133,100,50,75,80349440.5,1386027.85,862
1781790993,2026-06-18 13:56:33,113920,39534,133,100,50,75,80433942.2,1387485.5,861
1781790993,2026-06-18 13:56:33,113920,39534,133,100,50,75,80433942.2,1387485.5,861
1781790993,2026-06-18 13:56:33,113920,39534,133,100,50,75,80433942.2,1387485.5,861
1781819731,2026-06-18 21:55:31,114122,39606,133,100,50,75,80580466.4,1390013.05,861
1781819731,2026-06-18 21:55:31,114122,39606,133,100,50,75,80580466.4,1390013.05,861
1781845564,2026-06-19 05:06:04,114209,39623,133,100,50,75,80643089.8,1391093.3,861
1781861687,2026-06-19 09:34:47,114317,39648,133,100,50,75,80734347.3,1392667.49,862
1781861687,2026-06-19 09:34:47,114317,39648,133,100,50,75,80734347.3,1392667.49,862
1781885375,2026-06-19 16:09:35,114569,39734,133,100,50,75,80845301.1,1394581.44,861
1781891946,2026-06-19 17:59:06,114868,39830,133,100,50,75,81012295.1,1397462.09,861
1781891946,2026-06-19 17:59:06,114868,39830,133,100,50,75,81012295.1,1397462.09,861
1781903204,2026-06-19 21:06:44,115114,39916,133,100,50,75,81161823.0,1400041.45,861
1781903204,2026-06-19 21:06:44,115114,39916,133,100,50,75,81161823.0,1400041.45,861
1781903204,2026-06-19 21:06:44,115114,39916,133,100,50,75,81161823.0,1400041.45,861
1781919418,2026-06-20 01:36:58,115248,39953,133,100,50,75,81244916.7,1401474.81,861
1781935011,2026-06-20 05:56:51,115326,39973,133,100,50,75,81304612.8,1402504.57,861
1781935011,2026-06-20 05:56:51,115326,39973,133,100,50,75,81304612.8,1402504.57,861
1781935011,2026-06-20 05:56:51,115326,39973,133,100,50,75,81304612.8,1402504.57,861
1781960538,2026-06-20 13:02:18,115451,40012,133,100,50,75,81400333.1,1404155.75,861
1781967970,2026-06-20 15:06:10,115628,40068,133,100,50,75,81534126.8,1406463.69,861
1781967970,2026-06-20 15:06:10,115628,40068,133,100,50,75,81534126.8,1406463.69,861
1781978519,2026-06-20 18:01:59,115853,40134,133,100,50,75,81677740.7,1408941.03,861
1781978519,2026-06-20 18:01:59,115853,40134,133,100,50,75,81677740.7,1408941.03,861
1781978519,2026-06-20 18:01:59,115853,40134,133,100,50,75,81677740.7,1408941.03,861
1781978519,2026-06-20 18:01:59,115853,40134,133,100,50,75,81677740.7,1408941.03,861
1781978519,2026-06-20 18:01:59,115853,40134,133,100,50,75,81677740.7,1408941.03,861
1782011926,2026-06-21 03:18:46,115922,40146,133,100,50,75,81706995.1,1409445.67,861
1782011926,2026-06-21 03:18:46,115922,40146,133,100,50,75,81706995.1,1409445.67,861
1782039072,2026-06-21 10:51:12,116034,40171,133,100,50,75,81803641.9,1411112.82,861
1782047116,2026-06-21 13:05:16,116165,40206,133,100,50,75,81885821.7,1412530.42,861
1782054278,2026-06-21 15:04:38,116334,40266,133,100,50,75,81982212.8,1414193.17,860
1782060384,2026-06-21 16:46:24,116546,40318,133,100,50,75,82094230.7,1416125.48,860
1782066063,2026-06-21 18:21:03,116783,40389,133,100,50,75,82256895.3,1418931.44,860
1782066063,2026-06-21 18:21:03,116783,40389,133,100,50,75,82256895.3,1418931.44,860
1782066063,2026-06-21 18:21:03,116783,40389,133,100,50,75,82256895.3,1418931.44,860
1782066063,2026-06-21 18:21:03,116783,40389,133,100,50,75,82256895.3,1418931.44,860
1782086204,2026-06-21 23:56:44,116947,40439,133,100,50,75,82350286.9,1420542.45,860
1782104765,2026-06-22 05:06:05,117031,40459,133,100,50,75,82409751.2,1421568.21,860
1782104765,2026-06-22 05:06:05,117031,40459,133,100,50,75,82409751.2,1421568.21,860
1782143526,2026-06-22 15:52:06,117262,40532,133,100,50,75,82534894.4,1423726.93,860
1782143526,2026-06-22 15:52:06,117262,40532,133,100,50,75,82534894.4,1423726.93,860
1782143526,2026-06-22 15:52:06,117262,40532,133,100,50,75,82534894.4,1423726.93,860
1782143526,2026-06-22 15:52:06,117262,40532,133,100,50,75,82534894.4,1423726.93,860
1782176709,2026-06-23 01:05:09,117387,40558,133,100,50,75,82604238.3,1424923.11,860
1782176709,2026-06-23 01:05:09,117387,40558,133,100,50,75,82604238.3,1424923.11,860
1782176709,2026-06-23 01:05:09,117387,40558,133,100,50,75,82604238.3,1424923.11,860
1782213760,2026-06-23 11:22:40,117496,40578,133,100,50,75,82679879.1,1426227.92,859
1782222804,2026-06-23 13:53:24,117636,40611,133,100,50,75,82750142.3,1427439.96,859
1782231518,2026-06-23 16:18:38,117879,40686,133,100,50,74,82887421.2,1429808.02,859
1782238955,2026-06-23 18:22:35,118118,40761,133,100,50,74,83016469.5,1432034.1,859
1782246227,2026-06-23 20:23:47,118290,40821,133,100,50,74,83136936.5,1434112.15,859
1782251411,2026-06-23 21:50:11,118425,40861,133,100,50,74,83205656.6,1435297.58,859
1782251411,2026-06-23 21:50:11,118425,40861,133,100,50,74,83205656.6,1435297.58,859
1782251411,2026-06-23 21:50:11,118425,40861,133,100,50,74,83205656.6,1435297.58,859
1782251411,2026-06-23 21:50:11,118425,40861,133,100,50,74,83205656.6,1435297.58,859
1782289324,2026-06-24 08:22:04,118536,40879,133,100,50,74,83289773.1,1436748.59,859
1782299308,2026-06-24 11:08:28,118667,40911,133,100,50,74,83409548.9,1438814.72,859
1782307523,2026-06-24 13:25:23,118820,40953,133,100,50,74,83497981.7,1440340.18,859
1782316227,2026-06-24 15:50:27,119046,41014,133,100,50,74,83599135.3,1442085.08,858
1782316227,2026-06-24 15:50:27,119046,41014,133,100,50,74,83599135.3,1442085.08,858
1782330733,2026-06-24 19:52:13,119296,41087,133,100,50,74,83727647.9,1444301.93,858
1782330733,2026-06-24 19:52:13,119296,41087,133,100,50,74,83727647.9,1444301.93,858
1782340764,2026-06-24 22:39:24,119458,41155,133,100,50,74,83818746.5,1445873.38,858
1782345481,2026-06-24 23:58:01,119587,41185,133,100,50,74,83888730.0,1447080.59,858
1782360844,2026-06-25 04:14:04,119682,41202,133,100,50,74,83935244.2,1447882.96,857
1782360844,2026-06-25 04:14:04,119682,41202,133,100,50,74,83935244.2,1447882.96,857
1782383860,2026-06-25 10:37:40,119810,41237,133,100,50,74,84031715.9,1449547.1,857
1782383860,2026-06-25 10:37:40,119810,41237,133,100,50,74,84031715.9,1449547.1,857
1782383860,2026-06-25 10:37:40,119810,41237,133,100,50,74,84031715.9,1449547.1,857
1782409365,2026-06-25 17:42:45,120111,41321,133,100,50,74,84210021.6,1452622.87,857
1782409365,2026-06-25 17:42:45,120111,41321,133,100,50,74,84210021.6,1452622.87,857
1782423766,2026-06-25 21:42:46,120298,41383,133,100,50,74,84339357.6,1454853.92,857
1782428254,2026-06-25 22:57:34,120460,41421,133,100,50,74,84432709.3,1456464.24,857
1782436027,2026-06-26 01:07:07,120602,41458,133,100,50,74,84517927.8,1457934.26,857
1782452435,2026-06-26 05:40:35,120683,41479,133,100,50,74,84556311.4,1458596.37,857
1782464947,2026-06-26 09:09:07,120814,41510,134,100,50,74,84676133.0,1460663.3,857
1782464947,2026-06-26 09:09:07,120814,41510,134,100,50,74,84676133.0,1460663.3,857
1782484068,2026-06-26 14:27:48,121010,41570,134,100,50,74,84796846.9,1462745.61,857
1782484068,2026-06-26 14:27:48,121010,41570,134,100,50,74,84796846.9,1462745.61,857
1782497362,2026-06-26 18:09:22,121301,41668,134,100,50,74,84989158.0,1466062.98,857
1782497362,2026-06-26 18:09:22,121301,41668,134,100,50,74,84989158.0,1466062.98,857
1782509534,2026-06-26 21:32:14,121506,41735,134,100,50,74,85128526.5,1468467.08,857
1782513349,2026-06-26 22:35:49,121654,41782,134,100,50,74,85246611.4,1470504.05,857
1782517958,2026-06-26 23:52:38,121787,41822,134,100,50,74,85375123.8,1472720.89,857
1782517958,2026-06-26 23:52:38,121787,41822,134,100,50,74,85375123.8,1472720.89,857
1782517958,2026-06-26 23:52:38,121787,41822,134,100,50,74,85375123.8,1472720.89,857
1782517958,2026-06-26 23:52:38,121787,41822,134,100,50,74,85375123.8,1472720.89,857
1782517958,2026-06-26 23:52:38,121787,41822,134,100,50,74,85375123.8,1472720.89,857
1782517958,2026-06-26 23:52:38,121787,41822,134,100,50,74,85375123.8,1472720.89,857
1782517958,2026-06-26 23:52:38,121787,41822,134,100,50,74,85375123.8,1472720.89,857
1782574140,2026-06-27 15:29:00,121953,41872,134,100,50,74,85492256.0,1474741.42,857
1782574140,2026-06-27 15:29:00,121953,41872,134,100,50,74,85492256.0,1474741.42,857
1782574140,2026-06-27 15:29:00,121953,41872,134,100,50,74,85492256.0,1474741.42,857
1782574140,2026-06-27 15:29:00,121953,41872,134,100,50,74,85492256.0,1474741.42,857
1782574140,2026-06-27 15:29:00,121953,41872,134,100,50,74,85492256.0,1474741.42,857
1782574140,2026-06-27 15:29:00,121953,41872,134,100,50,74,85492256.0,1474741.42,857
1782574140,2026-06-27 15:29:00,121953,41872,134,100,50,74,85492256.0,1474741.42,857
1782603159,2026-06-27 23:32:39,122070,41915,134,100,50,74,85557184.1,1475861.42,857
1782603159,2026-06-27 23:32:39,122070,41915,134,100,50,74,85557184.1,1475861.42,857
1782626798,2026-06-28 06:06:38,122139,41926,134,100,50,74,85603300.6,1476656.93,857
1782638680,2026-06-28 09:24:40,122233,41950,134,100,50,74,85681197.5,1478000.66,857
1782643564,2026-06-28 10:46:04,122349,41984,134,100,50,74,85787314.5,1479831.17,858
1782643564,2026-06-28 10:46:04,122349,41984,134,100,50,74,85787314.5,1479831.17,858
1782657057,2026-06-28 14:30:57,122484,42021,134,100,50,74,85869228.9,1481244.2,857
1782661644,2026-06-28 15:47:24,122656,42072,134,100,50,74,85986758.8,1483271.59,857
1782666665,2026-06-28 17:11:05,122855,42132,134,100,50,74,86092285.7,1485091.93,857
1782671384,2026-06-28 18:29:44,123076,42214,134,100,50,74,86244972.1,1487725.77,857
1782676218,2026-06-28 19:50:18,123305,42293,134,100,50,74,86403361.0,1490457.98,857
1782676218,2026-06-28 19:50:18,123305,42293,134,100,50,74,86403361.0,1490457.98,857
1782683936,2026-06-28 21:58:56,123442,42338,134,100,50,74,86506823.1,1492242.7,857
1782688597,2026-06-28 23:16:37,123584,42379,134,100,50,74,86642629.1,1494585.35,858
1782696730,2026-06-29 01:32:10,123686,42403,134,100,50,74,86689863.7,1495400.15,857
1782696730,2026-06-29 01:32:10,123686,42403,134,100,50,74,86689863.7,1495400.15,857
1782731932,2026-06-29 11:18:52,123800,42428,134,100,50,74,86782154.4,1496992.16,858
1782731932,2026-06-29 11:18:52,123800,42428,134,100,50,74,86782154.4,1496992.16,858
1782731932,2026-06-29 11:18:52,123800,42428,134,100,50,74,86782154.4,1496992.16,858
1782762885,2026-06-29 19:54:45,124012,42494,134,100,50,74,86916473.4,1499309.17,857
1782768528,2026-06-29 21:28:48,124198,42552,134,100,50,74,87028579.7,1501243.0,857
1782772175,2026-06-29 22:29:35,124321,42580,134,100,50,74,87120085.7,1502821.48,857
1782775459,2026-06-29 23:24:19,124363,42594,134,100,50,74,87144750.2,1503246.94,857
1782783183,2026-06-30 01:33:03,124502,42628,134,100,50,74,87221467.8,1504570.32,857
1782797983,2026-06-30 05:39:43,124582,42646,134,100,50,74,87269647.5,1505401.42,857
1782797983,2026-06-30 05:39:43,124582,42646,134,100,50,74,87269647.5,1505401.42,857
1782797983,2026-06-30 05:39:43,124582,42646,134,100,50,74,87269647.5,1505401.42,857
1782831258,2026-06-30 14:54:18,124778,42688,134,100,50,74,87363114.2,1507013.72,857
1782831258,2026-06-30 14:54:18,124778,42688,134,100,50,74,87363114.2,1507013.72,857
1782831258,2026-06-30 14:54:18,124778,42688,134,100,50,74,87363114.2,1507013.72,857
1782831258,2026-06-30 14:54:18,124778,42688,134,100,50,74,87363114.2,1507013.72,857
1782831258,2026-06-30 14:54:18,124778,42688,134,100,50,74,87363114.2,1507013.72,857
1782861980,2026-06-30 23:26:20,124937,42742,134,100,50,74,87446845.9,1508458.09,857
1782861980,2026-06-30 23:26:20,124937,42742,134,100,50,74,87446845.9,1508458.09,857
1782887329,2026-07-01 06:28:49,125018,42759,134,100,50,74,87492840.4,1509251.5,857
1782901089,2026-07-01 10:18:09,125135,42775,134,100,50,74,87604705.2,1511181.16,857
1782911436,2026-07-01 13:10:36,125284,42832,134,100,50,74,87694605.0,1512731.94,857
1782920631,2026-07-01 15:43:51,125499,42898,134,100,50,74,87807405.5,1514677.74,856
1782927934,2026-07-01 17:45:34,125785,42989,134,100,50,74,87973851.7,1517548.94,856
1782927934,2026-07-01 17:45:34,125785,42989,134,100,50,74,87973851.7,1517548.94,856
1782941835,2026-07-01 21:37:15,125995,43067,134,100,50,74,88143632.0,1520477.65,856
1782946178,2026-07-01 22:49:38,126163,43118,134,100,50,74,88228922.4,1521948.91,856
1782950764,2026-07-02 00:06:04,126313,43163,134,100,50,74,88325628.0,1523617.08,856
1782965215,2026-07-02 04:06:55,126407,43178,134,100,50,74,88365792.6,1524309.92,856
1782965215,2026-07-02 04:06:55,126407,43178,134,100,50,74,88365792.6,1524309.92,856
1782987174,2026-07-02 10:12:54,126530,43215,134,100,50,74,88496488.3,1526564.42,856
1782987174,2026-07-02 10:12:54,126530,43215,134,100,50,74,88496488.3,1526564.42,856
1782987174,2026-07-02 10:12:54,126530,43215,134,100,50,74,88496488.3,1526564.42,856
1782987174,2026-07-02 10:12:54,126530,43215,134,100,50,74,88496488.3,1526564.42,856
1782987174,2026-07-02 10:12:54,126530,43215,134,100,50,74,88496488.3,1526564.42,856
1782987174,2026-07-02 10:12:54,126530,43215,134,100,50,74,88496488.3,1526564.42,856
1782987174,2026-07-02 10:12:54,126530,43215,134,100,50,74,88496488.3,1526564.42,856
1783030996,2026-07-02 22:23:16,126713,43272,134,100,50,74,88627555.0,1528825.32,857
1783030996,2026-07-02 22:23:16,126713,43272,134,100,50,74,88627555.0,1528825.32,857
1783040842,2026-07-03 01:07:22,126865,43305,134,100,50,74,88709669.1,1530241.79,856
1783040842,2026-07-03 01:07:22,126865,43305,134,100,50,74,88709669.1,1530241.79,856
1783065861,2026-07-03 08:04:21,126999,43338,134,100,50,74,88869804.7,1533004.13,857
1783065861,2026-07-03 08:04:21,126999,43338,134,100,50,74,88869804.7,1533004.13,857
1783083685,2026-07-03 13:01:25,127112,43369,134,100,50,74,88930929.5,1534058.53,857
1783091739,2026-07-03 15:15:39,127303,43436,134,100,50,74,89048896.5,1536093.46,857
1783097102,2026-07-03 16:45:02,127546,43513,134,100,50,74,89207361.4,1538826.98,857
1783101868,2026-07-03 18:04:28,127767,43584,134,100,50,74,89351612.4,1541315.31,857
1783107578,2026-07-03 19:39:38,128010,43660,134,100,50,74,89501377.0,1543898.75,856
1783110719,2026-07-03 20:31:59,128162,43710,134,100,50,74,89618151.3,1545913.11,856
1783115402,2026-07-03 21:50:02,128303,43739,134,100,50,74,89721445.4,1547694.93,856
1783115402,2026-07-03 21:50:02,128303,43739,134,100,50,74,89721445.4,1547694.93,856
1783125959,2026-07-04 00:45:59,128447,43768,134,100,50,74,89816193.2,1549329.33,856
1783125959,2026-07-04 00:45:59,128447,43768,134,100,50,74,89816193.2,1549329.33,856
1783125959,2026-07-04 00:45:59,128447,43768,134,100,50,74,89816193.2,1549329.33,856
1783125959,2026-07-04 00:45:59,128447,43768,134,100,50,74,89816193.2,1549329.33,856
1783163094,2026-07-04 11:04:54,128578,43805,134,100,50,74,89930315.6,1551297.94,857
1783168235,2026-07-04 12:30:35,128667,43829,134,100,50,74,90013799.2,1552738.04,857
1783168235,2026-07-04 12:30:35,128667,43829,134,100,50,74,90013799.2,1552738.04,857
1783178594,2026-07-04 15:23:14,128831,43876,134,100,50,74,90122610.9,1554615.04,857
1783182302,2026-07-04 16:25:02,128965,43911,134,100,50,74,90219902.9,1556293.32,857
1783182302,2026-07-04 16:25:02,128965,43911,134,100,50,74,90219902.9,1556293.32,857
1783182302,2026-07-04 16:25:02,128965,43911,134,100,50,74,90219902.9,1556293.32,857
1783194523,2026-07-04 19:48:43,129126,43944,134,100,50,74,90362361.9,1558750.74,857
1783198274,2026-07-04 20:51:14,129252,43976,134,100,50,74,90502070.2,1561160.71,857
1783198274,2026-07-04 20:51:14,129252,43976,134,100,50,74,90502070.2,1561160.71,857
1783198274,2026-07-04 20:51:14,129252,43976,134,100,50,74,90502070.2,1561160.71,857
1783198274,2026-07-04 20:51:14,129252,43976,134,100,50,74,90502070.2,1561160.71,857
1783224667,2026-07-05 04:11:07,129302,43989,134,100,50,74,90526108.5,1561575.37,857
1783236653,2026-07-05 07:30:53,129395,44018,134,100,50,74,90610793.9,1563036.2,858
1783236653,2026-07-05 07:30:53,129395,44018,134,100,50,74,90610793.9,1563036.2,858
1783236653,2026-07-05 07:30:53,129395,44018,134,100,50,74,90610793.9,1563036.2,858
1783236653,2026-07-05 07:30:53,129395,44018,134,100,50,74,90610793.9,1563036.2,858
1783261953,2026-07-05 14:32:33,129575,44073,134,100,50,74,90693289.9,1564459.25,857
1783265751,2026-07-05 15:35:51,129772,44132,134,100,50,74,90793406.8,1566186.27,857
1783270792,2026-07-05 16:59:52,129996,44204,134,100,50,74,90949187.8,1568873.49,857
1783275297,2026-07-05 18:14:57,130230,44292,134,100,50,74,91088893.7,1571283.42,857
1783275297,2026-07-05 18:14:57,130230,44292,134,100,50,74,91088893.7,1571283.42,857
1783275297,2026-07-05 18:14:57,130230,44292,134,100,50,74,91088893.7,1571283.42,857
1783288341,2026-07-05 21:52:21,130420,44358,134,100,50,74,91232651.8,1573763.24,857
1783292613,2026-07-05 23:03:33,130562,44406,134,100,50,74,91326168.2,1575376.4,857
1783292613,2026-07-05 23:03:33,130562,44406,134,100,50,74,91326168.2,1575376.4,857
1783315234,2026-07-06 05:20:34,130641,44426,134,100,50,74,91416635.4,1576936.96,857
1783329850,2026-07-06 09:24:10,130749,44449,134,100,50,74,91494389.4,1578278.22,857
1783343515,2026-07-06 13:11:55,130876,44485,134,100,50,74,91595376.2,1580020.24,857
1783355286,2026-07-06 16:28:06,131099,44554,134,100,50,74,91704808.7,1581907.95,857
1783355286,2026-07-06 16:28:06,131099,44554,134,100,50,74,91704808.7,1581907.95,857
1783368797,2026-07-06 20:13:17,131343,44639,134,100,50,74,91867227.2,1584709.67,857
1783374512,2026-07-06 21:48:32,131528,44693,134,100,50,74,91986277.0,1586763.28,857
1783374512,2026-07-06 21:48:32,131528,44693,134,100,50,74,91986277.0,1586763.28,857
1783385872,2026-07-07 00:57:52,131682,44728,134,100,50,74,92081128.5,1588399.47,857
1783385872,2026-07-07 00:57:52,131682,44728,134,100,50,74,92081128.5,1588399.47,857
1783385872,2026-07-07 00:57:52,131682,44728,134,100,50,74,92081128.5,1588399.47,857
1783423121,2026-07-07 11:18:41,131796,44755,134,100,50,74,92163416.0,1589818.93,857
1783431523,2026-07-07 13:38:43,131967,44806,134,100,50,74,92245485.4,1591234.62,856
1783440012,2026-07-07 16:00:12,132209,44879,134,100,50,74,92358858.5,1593190.31,856
1783447906,2026-07-07 18:11:46,132467,44953,134,100,50,74,92503530.0,1595685.89,856
1783447906,2026-07-07 18:11:46,132467,44953,134,100,50,74,92503530.0,1595685.89,856
1783447906,2026-07-07 18:11:46,132467,44953,134,100,50,74,92503530.0,1595685.89,856
1783447906,2026-07-07 18:11:46,132467,44953,134,100,50,74,92503530.0,1595685.89,856
1783467990,2026-07-07 23:46:30,132621,44999,134,100,50,74,92576206.5,1596939.56,855
1783480305,2026-07-08 03:11:45,132727,45032,134,100,50,74,92627173.7,1597818.75,855
1783490012,2026-07-08 05:53:32,132830,45052,134,100,50,74,92676991.0,1598678.09,855
1783490012,2026-07-08 05:53:32,132830,45052,134,100,50,74,92676991.0,1598678.09,855
1783506576,2026-07-08 10:29:36,132940,45076,134,100,50,74,92787430.7,1600583.18,855
1783512256,2026-07-08 12:04:16,133039,45097,134,100,50,74,92860995.7,1601852.18,855
1783512256,2026-07-08 12:04:16,133039,45097,134,100,50,74,92860995.7,1601852.18,855
1783512256,2026-07-08 12:04:16,133039,45097,134,100,50,74,92860995.7,1601852.18,855
1783512256,2026-07-08 12:04:16,133039,45097,134,100,50,74,92860995.7,1601852.18,855
1783539327,2026-07-08 19:35:27,133300,45183,134,100,50,74,93032255.9,1604806.41,855
1783543010,2026-07-08 20:36:50,133492,45237,134,100,50,74,93170083.1,1607183.93,855
1783543010,2026-07-08 20:36:50,133492,45237,134,100,50,74,93170083.1,1607183.93,855
1783543010,2026-07-08 20:36:50,133492,45237,134,100,50,74,93170083.1,1607183.93,855
1783558394,2026-07-09 00:53:14,133655,45273,134,100,50,74,93251364.9,1608586.04,855
1783558394,2026-07-09 00:53:14,133655,45273,134,100,50,74,93251364.9,1608586.04,855
1783584731,2026-07-09 08:12:11,133773,45294,134,100,50,74,93323510.2,1609830.55,855
1783596251,2026-07-09 11:24:11,133900,45319,134,100,50,74,93444445.1,1611916.68,855
1783605730,2026-07-09 14:02:10,134124,45389,134,100,50,74,93586919.7,1614374.37,855
1783605730,2026-07-09 14:02:10,134124,45389,134,100,50,74,93586919.7,1614374.37,855
1783620631,2026-07-09 18:10:31,134422,45483,134,100,50,74,93762264.8,1617399.07,855
1783627751,2026-07-09 20:09:11,134672,45557,134,100,50,74,93939569.7,1620457.58,855
1783633589,2026-07-09 21:46:29,134889,45629,134,100,50,74,94128310.6,1623713.36,855
1783638433,2026-07-09 23:07:13,135080,45694,134,100,50,74,94247863.0,1625775.64,855
1783644752,2026-07-10 00:52:32,135238,45739,134,100,50,74,94337497.9,1627321.84,855
1783644752,2026-07-10 00:52:32,135238,45739,134,100,50,74,94337497.9,1627321.84,855
1783670707,2026-07-10 08:05:07,135351,45763,134,100,50,74,94438950.1,1629071.89,855
1783681880,2026-07-10 11:11:20,135460,45787,134,100,50,74,94519532.1,1630461.93,855
1783681880,2026-07-10 11:11:20,135460,45787,134,100,50,74,94519532.1,1630461.93,855
1783698575,2026-07-10 15:49:35,135752,45866,134,100,50,74,94631404.4,1632391.73,855
1783705301,2026-07-10 17:41:41,136009,45951,134,100,50,74,94783458.3,1635014.66,855
1783705301,2026-07-10 17:41:41,136009,45951,134,100,50,74,94783458.3,1635014.66,855
1783705301,2026-07-10 17:41:41,136009,45951,134,100,50,74,94783458.3,1635014.66,855
1783705301,2026-07-10 17:41:41,136009,45951,134,100,50,74,94783458.3,1635014.66,855
1783723294,2026-07-10 22:41:34,136207,46015,134,100,50,74,94912483.2,1637240.34,855
1783727785,2026-07-10 23:56:25,136350,46051,134,100,50,74,94995154.8,1638666.42,855
1783727785,2026-07-10 23:56:25,136350,46051,134,100,50,74,94995154.8,1638666.42,855
1783748577,2026-07-11 05:42:57,136431,46070,134,100,50,74,95042884.9,1639489.77,854
1783756618,2026-07-11 07:56:58,136547,46101,134,100,50,74,95136701.8,1641108.11,855
1783762458,2026-07-11 09:34:18,136649,46125,134,100,50,74,95219408.7,1642534.8,855
1783762458,2026-07-11 09:34:18,136649,46125,134,100,50,74,95219408.7,1642534.8,855
1783768932,2026-07-11 11:22:12,136783,46159,134,100,50,74,95318699.7,1644247.57,855
1783768932,2026-07-11 11:22:12,136783,46159,134,100,50,74,95318699.7,1644247.57,855
1783777952,2026-07-11 13:52:32,136959,46220,134,100,50,74,95423550.2,1646056.24,855
1783777952,2026-07-11 13:52:32,136959,46220,134,100,50,74,95423550.2,1646056.24,855
1783785453,2026-07-11 15:57:33,137193,46280,134,100,50,74,95529598.5,1647885.57,854
1783789490,2026-07-11 17:04:50,137375,46338,134,100,50,74,95643342.0,1649847.65,854
1783792633,2026-07-11 17:57:13,137590,46414,134,100,50,74,95773660.0,1652095.64,854
1783797630,2026-07-11 19:20:30,137834,46493,134,100,50,74,95950895.5,1655152.95,854
1783800669,2026-07-11 20:11:09,137992,46546,134,100,50,74,96074202.9,1657280.0,854
1783800669,2026-07-11 20:11:09,137992,46546,134,100,50,74,96074202.9,1657280.0,854
1783807186,2026-07-11 21:59:46,138163,46602,134,100,50,74,96236448.1,1660078.73,855
1783807186,2026-07-11 21:59:46,138163,46602,134,100,50,74,96236448.1,1660078.73,855
1783807186,2026-07-11 21:59:46,138163,46602,134,100,50,74,96236448.1,1660078.73,855
1783827876,2026-07-12 03:44:36,138239,46616,134,100,50,74,96277815.2,1660792.31,854
1783837711,2026-07-12 06:28:31,138308,46628,134,100,50,74,96332805.0,1661740.89,855
1783845691,2026-07-12 08:41:31,138412,46653,134,100,50,74,96409000.1,1663055.25,855
1783850981,2026-07-12 10:09:41,138507,46675,134,100,50,74,96488644.2,1664429.11,855
1783850981,2026-07-12 10:09:41,138507,46675,134,100,50,74,96488644.2,1664429.11,855
1783850981,2026-07-12 10:09:41,138507,46675,134,100,50,74,96488644.2,1664429.11,855
1783864902,2026-07-12 14:01:42,138686,46723,134,100,50,74,96608128.7,1666490.22,855
1783864902,2026-07-12 14:01:42,138686,46723,134,100,50,74,96608128.7,1666490.22,855
1783864902,2026-07-12 14:01:42,138686,46723,134,100,50,74,96608128.7,1666490.22,855
1783876573,2026-07-12 17:16:13,138940,46816,134,100,50,74,96745840.7,1668865.75,854
1783876573,2026-07-12 17:16:13,138940,46816,134,100,50,74,96745840.7,1668865.75,854
1783884966,2026-07-12 19:36:06,139206,46906,134,100,50,74,96918891.2,1671850.87,854
1783884966,2026-07-12 19:36:06,139206,46906,134,100,50,74,96918891.2,1671850.87,854
1783890794,2026-07-12 21:13:14,139418,46981,134,100,50,74,97078439.9,1674603.09,854
1783890794,2026-07-12 21:13:14,139418,46981,134,100,50,74,97078439.9,1674603.09,854
1783890794,2026-07-12 21:13:14,139418,46981,134,100,50,74,97078439.9,1674603.09,854
1783903491,2026-07-13 00:44:51,139569,47023,134,100,50,74,97173393.7,1676241.04,854
1783917033,2026-07-13 04:30:33,139653,47043,134,100,50,74,97221320.1,1677067.77,854
1783927847,2026-07-13 07:30:47,139768,47070,134,100,50,74,97294916.5,1678337.31,854
1783940868,2026-07-13 11:07:48,139892,47102,134,100,50,74,97407240.8,1680274.9,854
1783940868,2026-07-13 11:07:48,139892,47102,134,100,50,74,97407240.8,1680274.9,854
1783958250,2026-07-13 15:57:30,140136,47169,134,100,50,74,97534596.2,1682471.79,854
1783965131,2026-07-13 17:52:11,140387,47234,134,100,50,74,97707517.1,1685454.67,854
1783971087,2026-07-13 19:31:27,140631,47303,134,100,50,74,97878200.8,1688398.96,854
1783971087,2026-07-13 19:31:27,140631,47303,134,100,50,74,97878200.8,1688398.96,854
1783977979,2026-07-13 21:26:19,140825,47349,134,100,50,74,98047634.2,1691321.69,854
1783981458,2026-07-13 22:24:18,140983,47391,134,100,50,74,98148283.9,1693057.9,854
1783981458,2026-07-13 22:24:18,140983,47391,134,100,50,74,98148283.9,1693057.9,854
1783989638,2026-07-14 00:40:38,141138,47427,134,100,50,74,98235718.6,1694566.15,854
1784001268,2026-07-14 03:54:28,141240,47450,134,100,50,74,98306991.7,1695795.61,854
1784008669,2026-07-14 05:57:49,141333,47474,134,100,50,74,98385358.0,1697147.42,854
1784008669,2026-07-14 05:57:49,141333,47474,134,100,50,74,98385358.0,1697147.42,854
1784008669,2026-07-14 05:57:49,141333,47474,134,100,50,74,98385358.0,1697147.42,854
1784029029,2026-07-14 11:37:09,141438,47496,134,100,50,74,98457319.9,1698388.77,854
1784029029,2026-07-14 11:37:09,141438,47496,134,100,50,74,98457319.9,1698388.77,854
1784029029,2026-07-14 11:37:09,141438,47496,134,100,50,74,98457319.9,1698388.77,854
1784029029,2026-07-14 11:37:09,141438,47496,134,100,50,74,98457319.9,1698388.77,854
1784029029,2026-07-14 11:37:09,141438,47496,134,100,50,74,98457319.9,1698388.77,854
1784029029,2026-07-14 11:37:09,141438,47496,134,100,50,74,98457319.9,1698388.77,854
1784029029,2026-07-14 11:37:09,141438,47496,134,100,50,74,98457319.9,1698388.77,854
1784029029,2026-07-14 11:37:09,141438,47496,134,100,50,74,98457319.9,1698388.77,854
1784029029,2026-07-14 11:37:09,141438,47496,134,100,50,74,98457319.9,1698388.77,854
1784029029,2026-07-14 11:37:09,141438,47496,134,100,50,74,98457319.9,1698388.77,854
1784029029,2026-07-14 11:37:09,141438,47496,134,100,50,74,98457319.9,1698388.77,854
1784029029,2026-07-14 11:37:09,141438,47496,134,100,50,74,98457319.9,1698388.77,854
1784029029,2026-07-14 11:37:09,141438,47496,134,100,50,74,98457319.9,1698388.77,854
1784029029,2026-07-14 11:37:09,141438,47496,134,100,50,74,98457319.9,1698388.77,854
1784029029,2026-07-14 11:37:09,141438,47496,134,100,50,74,98457319.9,1698388.77,854
1784029029,2026-07-14 11:37:09,141438,47496,134,100,50,74,98457319.9,1698388.77,854
1784122519,2026-07-15 13:35:19,141615,47556,134,100,50,74,98545300.8,1699906.44,854
1784122519,2026-07-15 13:35:19,141615,47556,134,100,50,74,98545300.8,1699906.44,854
1784122519,2026-07-15 13:35:19,141615,47556,134,100,50,74,98545300.8,1699906.44,854
1784122519,2026-07-15 13:35:19,141615,47556,134,100,50,74,98545300.8,1699906.44,854
1784122519,2026-07-15 13:35:19,141615,47556,134,100,50,74,98545300.8,1699906.44,854
1784122519,2026-07-15 13:35:19,141615,47556,134,100,50,74,98545300.8,1699906.44,854
1784122519,2026-07-15 13:35:19,141615,47556,134,100,50,74,98545300.8,1699906.44,854
1784122519,2026-07-15 13:35:19,141615,47556,134,100,50,74,98545300.8,1699906.44,854
1784122519,2026-07-15 13:35:19,141615,47556,134,100,50,74,98545300.8,1699906.44,854
1784163129,2026-07-16 00:52:09,141786,47592,134,100,50,74,98645494.9,1701634.79,854
1784163129,2026-07-16 00:52:09,141786,47592,134,100,50,74,98645494.9,1701634.79,854
1784184414,2026-07-16 06:46:54,141891,47613,134,100,50,74,98717161.4,1702871.03,854
1784184414,2026-07-16 06:46:54,141891,47613,134,100,50,74,98717161.4,1702871.03,854
1784184414,2026-07-16 06:46:54,141891,47613,134,100,50,74,98717161.4,1702871.03,854
1784184414,2026-07-16 06:46:54,141891,47613,134,100,50,74,98717161.4,1702871.03,854
1784184414,2026-07-16 06:46:54,141891,47613,134,100,50,74,98717161.4,1702871.03,854
1784184414,2026-07-16 06:46:54,141891,47613,134,100,50,74,98717161.4,1702871.03,854
1784184414,2026-07-16 06:46:54,141891,47613,134,100,50,74,98717161.4,1702871.03,854
1784184414,2026-07-16 06:46:54,141891,47613,134,100,50,74,98717161.4,1702871.03,854
1784184414,2026-07-16 06:46:54,141891,47613,134,100,50,74,98717161.4,1702871.03,854
1784184414,2026-07-16 06:46:54,141891,47613,134,100,50,74,98717161.4,1702871.03,854
1784237885,2026-07-16 21:38:05,142090,47682,134,100,50,74,98845819.3,1705090.38,854
1784237885,2026-07-16 21:38:05,142090,47682,134,100,50,74,98845819.3,1705090.38,854
1784237885,2026-07-16 21:38:05,142090,47682,134,100,50,74,98845819.3,1705090.38,854
1784237885,2026-07-16 21:38:05,142090,47682,134,100,50,74,98845819.3,1705090.38,854
1784237885,2026-07-16 21:38:05,142090,47682,134,100,50,74,98845819.3,1705090.38,854
1784237885,2026-07-16 21:38:05,142090,47682,134,100,50,74,98845819.3,1705090.38,854
1784237885,2026-07-16 21:38:05,142090,47682,134,100,50,74,98845819.3,1705090.38,854
1784237885,2026-07-16 21:38:05,142090,47682,134,100,50,74,98845819.3,1705090.38,854
1784291365,2026-07-17 12:29:25,142224,47715,134,100,50,74,98942819.7,1706763.64,854
1784291365,2026-07-17 12:29:25,142224,47715,134,100,50,74,98942819.7,1706763.64,854
1784291365,2026-07-17 12:29:25,142224,47715,134,100,50,74,98942819.7,1706763.64,854
1784291365,2026-07-17 12:29:25,142224,47715,134,100,50,74,98942819.7,1706763.64,854
1784291365,2026-07-17 12:29:25,142224,47715,134,100,50,74,98942819.7,1706763.64,854
1784291365,2026-07-17 12:29:25,142224,47715,134,100,50,74,98942819.7,1706763.64,854
1784291365,2026-07-17 12:29:25,142224,47715,134,100,50,74,98942819.7,1706763.64,854
1784291365,2026-07-17 12:29:25,142224,47715,134,100,50,74,98942819.7,1706763.64,854
1784291365,2026-07-17 12:29:25,142224,47715,134,100,50,74,98942819.7,1706763.64,854
1784291365,2026-07-17 12:29:25,142224,47715,134,100,50,74,98942819.7,1706763.64,854
1784291365,2026-07-17 12:29:25,142224,47715,134,100,50,74,98942819.7,1706763.64,854
1784291365,2026-07-17 12:29:25,142224,47715,134,100,50,74,98942819.7,1706763.64,854
1784291365,2026-07-17 12:29:25,142224,47715,134,100,50,74,98942819.7,1706763.64,854
1784291365,2026-07-17 12:29:25,142224,47715,134,100,50,74,98942819.7,1706763.64,854
1784291365,2026-07-17 12:29:25,142224,47715,134,100,50,74,98942819.7,1706763.64,854
1784291365,2026-07-17 12:29:25,142224,47715,134,100,50,74,98942819.7,1706763.64,854
1784291365,2026-07-17 12:29:25,142224,47715,134,100,50,74,98942819.7,1706763.64,854
1784291365,2026-07-17 12:29:25,142224,47715,134,100,50,74,98942819.7,1706763.64,854
1784382406,2026-07-18 13:46:46,142367,47752,134,100,50,74,99020700.0,1708107.07,854
1784382406,2026-07-18 13:46:46,142367,47752,134,100,50,74,99020700.0,1708107.07,854
1784382406,2026-07-18 13:46:46,142367,47752,134,100,50,74,99020700.0,1708107.07,854
1784382406,2026-07-18 13:46:46,142367,47752,134,100,50,74,99020700.0,1708107.07,854
1784382406,2026-07-18 13:46:46,142367,47752,134,100,50,74,99020700.0,1708107.07,854
1784382406,2026-07-18 13:46:46,142367,47752,134,100,50,74,99020700.0,1708107.07,854
1784382406,2026-07-18 13:46:46,142367,47752,134,100,50,74,99020700.0,1708107.07,854
1784382406,2026-07-18 13:46:46,142367,47752,134,100,50,74,99020700.0,1708107.07,854
1784382406,2026-07-18 13:46:46,142367,47752,134,100,50,74,99020700.0,1708107.07,854
1784416371,2026-07-18 23:12:51,142495,47788,134,100,50,74,99105838.9,1709575.72,854
1784416371,2026-07-18 23:12:51,142495,47788,134,100,50,74,99105838.9,1709575.72,854
1784416371,2026-07-18 23:12:51,142495,47788,134,100,50,74,99105838.9,1709575.72,854
1784416371,2026-07-18 23:12:51,142495,47788,134,100,50,74,99105838.9,1709575.72,854
1784416371,2026-07-18 23:12:51,142495,47788,134,100,50,74,99105838.9,1709575.72,854
1784416371,2026-07-18 23:12:51,142495,47788,134,100,50,74,99105838.9,1709575.72,854
1784416371,2026-07-18 23:12:51,142495,47788,134,100,50,74,99105838.9,1709575.72,854
1784416371,2026-07-18 23:12:51,142495,47788,134,100,50,74,99105838.9,1709575.72,854
1784416371,2026-07-18 23:12:51,142495,47788,134,100,50,74,99105838.9,1709575.72,854
1784416371,2026-07-18 23:12:51,142495,47788,134,100,50,74,99105838.9,1709575.72,854
1784416371,2026-07-18 23:12:51,142495,47788,134,100,50,74,99105838.9,1709575.72,854
1784416371,2026-07-18 23:12:51,142495,47788,134,100,50,74,99105838.9,1709575.72,854
1784416371,2026-07-18 23:12:51,142495,47788,134,100,50,74,99105838.9,1709575.72,854
1784416371,2026-07-18 23:12:51,142495,47788,134,100,50,74,99105838.9,1709575.72,854
1784416371,2026-07-18 23:12:51,142495,47788,134,100,50,74,99105838.9,1709575.72,854
1784416371,2026-07-18 23:12:51,142495,47788,134,100,50,74,99105838.9,1709575.72,854
1784416371,2026-07-18 23:12:51,142495,47788,134,100,50,74,99105838.9,1709575.72,854
1784416371,2026-07-18 23:12:51,142495,47788,134,100,50,74,99105838.9,1709575.72,854
1784416371,2026-07-18 23:12:51,142495,47788,134,100,50,74,99105838.9,1709575.72,854
1784416371,2026-07-18 23:12:51,142495,47788,134,100,50,74,99105838.9,1709575.72,854
1784416371,2026-07-18 23:12:51,142495,47788,134,100,50,74,99105838.9,1709575.72,854
1784416371,2026-07-18 23:12:51,142495,47788,134,100,50,74,99105838.9,1709575.72,854
1784416371,2026-07-18 23:12:51,142495,47788,134,100,50,74,99105838.9,1709575.72,854
1784416371,2026-07-18 23:12:51,142495,47788,134,100,50,74,99105838.9,1709575.72,854
1784416371,2026-07-18 23:12:51,142495,47788,134,100,50,74,99105838.9,1709575.72,854
1784416371,2026-07-18 23:12:51,142495,47788,134,100,50,74,99105838.9,1709575.72,854
1784416371,2026-07-18 23:12:51,142495,47788,134,100,50,74,99105838.9,1709575.72,854
1784582265,2026-07-20 21:17:45,142710,47869,134,100,50,74,99235454.2,1711811.58,854
1784586028,2026-07-20 22:20:28,142853,47907,134,100,50,74,99330465.6,1713450.53,854
1784586028,2026-07-20 22:20:28,142853,47907,134,100,50,74,99330465.6,1713450.53,854
1784594635,2026-07-21 00:43:55,143020,47949,134,100,50,74,99424833.2,1715078.37,854
1784594635,2026-07-21 00:43:55,143020,47949,134,100,50,74,99424833.2,1715078.37,854
1784617157,2026-07-21 06:59:17,143126,47981,134,100,50,74,99485282.8,1716121.13,853
1784617157,2026-07-21 06:59:17,143126,47981,134,100,50,74,99485282.8,1716121.13,853
1784632452,2026-07-21 11:14:12,143242,48007,134,100,50,74,99587623.3,1717886.5,854
1784632452,2026-07-21 11:14:12,143242,48007,134,100,50,74,99587623.3,1717886.5,854
1784632452,2026-07-21 11:14:12,143242,48007,134,100,50,74,99587623.3,1717886.5,854
1784632452,2026-07-21 11:14:12,143242,48007,134,100,50,74,99587623.3,1717886.5,854
1784632452,2026-07-21 11:14:12,143242,48007,134,100,50,74,99587623.3,1717886.5,854
1784632452,2026-07-21 11:14:12,143242,48007,134,100,50,74,99587623.3,1717886.5,854
1784632452,2026-07-21 11:14:12,143242,48007,134,100,50,74,99587623.3,1717886.5,854
1784670262,2026-07-21 21:44:22,143397,48048,134,100,50,74,99709249.7,1719984.56,854
1784670262,2026-07-21 21:44:22,143397,48048,134,100,50,74,99709249.7,1719984.56,854
1784678015,2026-07-21 23:53:35,143531,48084,134,100,50,74,99820988.1,1721912.04,854
1784678015,2026-07-21 23:53:35,143531,48084,134,100,50,74,99820988.1,1721912.04,854
1784678015,2026-07-21 23:53:35,143531,48084,134,100,50,74,99820988.1,1721912.04,854
1784678015,2026-07-21 23:53:35,143531,48084,134,100,50,74,99820988.1,1721912.04,854
1784718079,2026-07-22 11:01:19,143540,48089,134,100,50,74,99824007.7,1721964.13,854
1784718079,2026-07-22 11:01:19,143540,48089,134,100,50,74,99824007.7,1721964.13,854
1784731076,2026-07-22 14:37:56,143742,48166,134,100,50,74,99916013.5,1723551.23,854
1784736104,2026-07-22 16:01:44,143968,48234,134,100,50,74,100033335.0,1725575.03,853
1784741612,2026-07-22 17:33:32,144193,48306,134,100,50,74,100152907.6,1727637.66,853
1784741612,2026-07-22 17:33:32,144193,48306,134,100,50,74,100152907.6,1727637.66,853
1784749772,2026-07-22 19:49:32,144443,48382,134,100,50,74,100334512.6,1730770.34,853
1784754481,2026-07-22 21:08:01,144625,48440,134,100,50,74,100448491.8,1732736.48,853
1784758395,2026-07-22 22:13:15,144787,48489,134,100,50,74,100630479.3,1735875.77,854
1784761423,2026-07-22 23:03:43,144902,48525,134,100,50,74,100693866.1,1736969.19,853
1784768202,2026-07-23 00:56:42,145041,48556,134,100,50,74,100765072.2,1738197.49,853
1784779615,2026-07-23 04:06:55,145122,48582,134,100,50,74,100813643.1,1739035.34,853
1784779615,2026-07-23 04:06:55,145122,48582,134,100,50,74,100813643.1,1739035.34,853
1784798708,2026-07-23 09:25:08,145238,48612,134,100,50,74,100912044.0,1740732.76,853
1784798708,2026-07-23 09:25:08,145238,48612,134,100,50,74,100912044.0,1740732.76,853
1784811258,2026-07-23 12:54:18,145365,48648,134,100,50,74,100987371.3,1742032.16,853
1784819424,2026-07-23 15:10:24,145570,48704,134,100,50,74,101085365.0,1743722.55,853
1784824819,2026-07-23 16:40:19,145831,48777,134,100,50,74,101233028.2,1746269.74,853
1784829824,2026-07-23 18:03:44,146086,48862,134,100,50,74,101386886.5,1748923.79,853
1784835461,2026-07-23 19:37:41,146338,48936,134,100,50,74,101547262.7,1751690.28,853
1784839076,2026-07-23 20:37:56,146529,49005,134,100,50,74,101695852.2,1754253.45,853
1784843177,2026-07-23 21:46:17,146707,49063,134,100,50,74,101860752.3,1757097.98,853
1784847155,2026-07-23 22:52:35,146883,49116,134,100,50,74,102030988.5,1760034.55,854
1784851131,2026-07-23 23:58:51,147006,49149,134,100,50,74,102109523.1,1761389.27,853
1784863552,2026-07-24 03:25:52,147118,49179,134,100,50,74,102166195.0,1762366.86,853
1784872983,2026-07-24 06:03:03,147190,49191,134,100,50,74,102216362.0,1763232.24,853
1784881896,2026-07-24 08:31:36,147295,49216,134,100,50,74,102281817.3,1764361.35,853
1784888926,2026-07-24 10:28:46,147386,49231,134,100,50,74,102341051.4,1765383.14,853
1784894160,2026-07-24 11:56:00,147477,49251,134,100,50,74,102402451.4,1766442.29,853
1784901627,2026-07-24 14:00:27,147651,49303,134,100,50,74,102485868.4,1767881.23,853
1784907186,2026-07-24 15:33:06,147912,49375,134,100,50,74,102624555.5,1770273.58,853
1784912706,2026-07-24 17:05:06,148175,49445,134,100,50,74,102755681.5,1772535.51,852
1784918246,2026-07-24 18:37:26,148435,49539,134,100,50,74,102891906.9,1774885.39,852
1784923124,2026-07-24 19:58:44,148658,49614,134,100,50,74,103026286.3,1777203.44,852
1784927798,2026-07-24 21:16:38,148845,49659,134,100,50,74,103154279.6,1779411.32,852
1784931471,2026-07-24 22:17:51,149000,49698,134,100,50,74,103290417.0,1781759.69,852
1784935460,2026-07-24 23:24:20,149147,49743,134,100,50,74,103422215.7,1784033.22,852
1784941189,2026-07-25 00:59:49,149299,49783,134,100,50,74,103511655.5,1785576.06,852
1784952717,2026-07-25 04:11:57,149391,49800,134,100,50,74,103606932.1,1787219.58,852
1784961698,2026-07-25 06:41:38,149470,49813,134,100,50,74,103665056.0,1788222.22,852
1784968991,2026-07-25 08:43:11,149559,49833,134,100,50,74,103735371.6,1789435.16,853
1784973909,2026-07-25 10:05:09,149663,49858,135,100,50,74,103842840.4,1791289.0,853
1784978884,2026-07-25 11:28:04,149768,49877,135,100,50,74,103929135.8,1792777.59,853
1784983354,2026-07-25 12:42:34,149872,49906,135,100,50,74,104000670.0,1794011.56,853
1784989678,2026-07-25 14:27:58,150041,49956,135,100,50,74,104092811.1,1795600.99,853
1784993472,2026-07-25 15:31:12,150226,49999,135,100,50,74,104217315.1,1797748.69,853
1784996395,2026-07-25 16:19:55,150393,50042,135,100,50,74,104316116.7,1799453.01,853
1784999636,2026-07-25 17:13:56,150566,50087,135,100,50,74,104428874.9,1801398.09,853
1785003864,2026-07-25 18:24:24,150780,50157,135,100,50,74,104581902.2,1804037.81,853
1785008822,2026-07-25 19:47:02,150990,50213,135,100,50,74,104701492.5,1806100.75,853
1785012425,2026-07-25 20:47:05,151130,50251,135,100,50,74,104808359.4,1807944.2,853
1785016114,2026-07-25 21:48:34,151255,50277,135,100,50,74,104899377.6,1809514.26,853
1785020050,2026-07-25 22:54:10,151373,50303,135,100,50,74,104975609.6,1810829.27,853
1785023269,2026-07-25 23:47:49,151480,50337,135,100,50,74,105042521.4,1811983.49,853
1785036109,2026-07-26 03:21:49,151567,50351,135,100,50,74,105085718.0,1812728.64,853
1785046837,2026-07-26 06:20:37,151644,50365,135,100,50,74,105164182.3,1814082.14,853
1785055466,2026-07-26 08:44:26,151717,50382,135,100,50,74,105232972.5,1815268.78,853
1785061758,2026-07-26 10:29:18,151815,50394,135,100,50,74,105349868.2,1817285.23,853
1785065934,2026-07-26 11:38:54,151888,50411,135,100,50,74,105405709.3,1818248.48,853
1785070332,2026-07-26 12:52:12,151983,50440,135,100,50,74,105474148.6,1819429.06,853
1785076301,2026-07-26 14:31:41,152139,50488,135,100,50,74,105565516.9,1821005.17,853
1785080105,2026-07-26 15:35:05,152274,50532,135,100,50,74,105646764.4,1822406.69,853
1785083324,2026-07-26 16:28:44,152429,50577,135,100,50,74,105744614.5,1824094.6,853
1785087159,2026-07-26 17:32:39,152600,50628,135,100,50,74,105836656.5,1825682.32,853
1785090607,2026-07-26 18:30:07,152795,50676,135,100,50,74,105978007.5,1828120.63,853
1785095259,2026-07-26 19:47:39,153014,50749,135,100,50,74,106122077.3,1830605.83,853
1785099183,2026-07-26 20:53:03,153186,50807,135,100,50,74,106230648.4,1832478.69,853
1785102650,2026-07-26 21:50:50,153321,50846,135,100,50,74,106327466.4,1834148.79,853
1785106802,2026-07-26 23:00:02,153457,50892,135,100,50,74,106416069.8,1835677.2,853
1785110453,2026-07-27 00:00:53,153605,50964,135,100,50,74,106526751.6,1837586.47,853
1785123349,2026-07-27 03:35:49,154190,51411,135,100,50,74,107126517.7,1847932.43,854
1785136874,2026-07-27 07:21:14,154294,51427,135,100,50,74,107230441.7,1849725.12,855
1785148530,2026-07-27 10:35:30,154389,51455,135,100,50,74,107339814.2,1851611.8,855
1785158829,2026-07-27 13:27:09,154521,51483,135,100,50,74,107399327.1,1852638.39,855
1785167379,2026-07-27 15:49:39,154749,51545,135,100,50,74,107520314.1,1854725.42,855
1785173946,2026-07-27 17:39:06,154972,51603,135,100,50,74,107654609.3,1857042.01,854
1785178675,2026-07-27 18:57:55,155186,51662,135,100,50,74,107816520.6,1859834.98,855
1785184364,2026-07-27 20:32:44,155370,51708,135,100,50,74,107970416.6,1862489.69,855
1785188085,2026-07-27 21:34:45,155501,51757,135,100,50,74,108098695.8,1864702.5,855
1785192159,2026-07-27 22:42:39,155642,51796,135,100,50,74,108230707.7,1866979.71,855
1785196268,2026-07-27 23:51:08,155763,51823,135,100,50,74,108336571.2,1868805.85,855
1785208886,2026-07-28 03:21:26,155851,51843,135,100,50,74,108396173.8,1869834.0,855
1785217515,2026-07-28 05:45:15,155927,51859,135,100,50,74,108460760.9,1870948.13,855
1785228735,2026-07-28 08:52:15,156036,51880,135,100,50,74,108564450.2,1872736.77,856
1785237244,2026-07-28 11:14:04,156152,51900,135,100,50,74,108679135.4,1874715.09,856
1785243471,2026-07-28 12:57:51,156296,51936,136,100,50,74,108768487.2,1876256.4,856
1785252317,2026-07-28 15:25:17,156510,51996,136,100,50,74,108864173.1,1877906.99,856
1785257798,2026-07-28 16:56:38,156718,52051,136,100,50,74,108973728.6,1879796.82,855
1785262970,2026-07-28 18:22:50,156944,52113,136,100,50,74,109114697.1,1882228.53,855
1785268368,2026-07-28 19:52:48,157144,52169,136,100,50,74,109224725.7,1884126.52,855
1785272931,2026-07-28 21:08:51,157288,52211,136,100,50,74,109354453.2,1886364.32,855
1785277357,2026-07-28 22:22:37,157413,52249,136,100,50,74,109473498.2,1888417.84,856
1785281190,2026-07-28 23:26:30,157503,52272,136,100,50,74,109550397.7,1889744.36,856
1785286510,2026-07-29 00:55:10,157623,52299,136,100,50,74,109603228.2,1890655.69,855
1785298625,2026-07-29 04:17:05,157692,52311,136,100,50,74,109688371.8,1892124.41,856
1785308906,2026-07-29 07:08:26,157803,52328,136,100,50,74,109775918.3,1893634.59,856
1785318834,2026-07-29 09:53:54,157933,52353,136,100,50,74,109909836.1,1895944.67,856
1785326854,2026-07-29 12:07:34,158065,52380,136,100,50,74,110024812.9,1897928.02,856
1785335085,2026-07-29 14:24:45,158261,52437,136,100,50,74,110132506.1,1899785.73,856
1785340615,2026-07-29 15:56:55,158448,52482,136,100,50,74,110247571.1,1901770.6,856
1785345734,2026-07-29 17:22:14,158686,52557,136,100,50,74,110378682.6,1904032.28,856
1785349626,2026-07-29 18:27:06,158874,52612,136,100,50,74,110513779.2,1906362.69,856
1785354410,2026-07-29 19:46:50,159073,52661,136,100,50,74,110636894.5,1908486.43,856
1785358475,2026-07-29 20:54:35,159234,52720,136,100,50,74,110769725.1,1910777.76,856
1785362331,2026-07-29 21:58:51,159386,52766,136,100,50,74,110892588.0,1912897.14,856
1785366052,2026-07-29 23:00:52,159527,52811,136,100,50,74,110985115.7,1914493.25,856
1785369825,2026-07-30 00:03:45,159650,52851,137,100,50,74,111076908.4,1916076.67,856
1785381501,2026-07-30 03:18:21,159759,52882,137,100,50,74,111152135.3,1917374.33,856
1785390960,2026-07-30 05:56:00,159860,52904,138,100,50,74,111229637.0,1918711.24,856
1785401310,2026-07-30 08:48:30,159978,52925,138,100,50,74,111343862.5,1920681.63,857
1785409000,2026-07-30 10:56:40,160083,52943,138,100,50,74,111437459.2,1922296.17,857
1785415435,2026-07-30 12:43:55,160193,52966,138,100,50,74,111517231.3,1923672.24,857
1785423999,2026-07-30 15:06:39,160407,53010,138,100,50,74,111640338.5,1925795.84,857
1785429399,2026-07-30 16:36:39,160656,53084,138,100,50,74,111754615.2,1927767.11,856
1785434505,2026-07-30 18:01:45,160899,53149,138,100,50,74,111904567.6,1930353.79,856
1785440500,2026-07-30 19:41:40,161141,53220,138,100,50,74,112052576.7,1932906.95,856
1785445310,2026-07-30 21:01:50,161343,53274,138,100,50,74,112177210.5,1935056.88,856
1785449846,2026-07-30 22:17:26,161510,53323,138,100,50,74,112273652.3,1936720.5,856
1785453796,2026-07-30 23:23:16,161632,53347,138,100,50,74,112346957.5,1937985.02,856
1785459401,2026-07-31 00:56:41,161789,53382,138,100,50,74,112437524.3,1939547.29,856
1785471412,2026-07-31 04:16:52,161872,53402,138,100,50,74,112494412.5,1940528.62,856
1785482287,2026-07-31 07:18:07,161993,53424,138,100,50,74,112624436.4,1942771.53,856
1785492068,2026-07-31 10:01:08,162122,53457,138,100,50,74,112784936.3,1945540.15,857
1785498962,2026-07-31 11:56:02,162237,53486,138,100,50,74,112880602.8,1947190.4,857
1785508365,2026-07-31 14:32:45,162461,53557,138,100,50,74,113009748.4,1949418.16,857
1785514417,2026-07-31 16:13:37,162669,53611,138,100,50,74,113115325.2,1951239.36,856
1785520379,2026-07-31 17:52:59,162915,53685,138,100,50,74,113279880.1,1954077.93,856
1785526600,2026-07-31 19:36:40,163129,53745,138,100,50,74,113410969.4,1956339.22,856
1785530256,2026-07-31 20:37:36,163316,53799,138,100,50,74,113562488.0,1958952.92,856
1785533538,2026-07-31 21:32:18,163472,53850,138,100,50,74,113690949.2,1961168.87,856
1785537754,2026-07-31 22:42:34,163604,53888,138,100,50,74,113844792.6,1963822.67,857
1785541700,2026-07-31 23:48:20,163731,53915,138,100,50,74,113931175.3,1965312.77,857
1785555114,2026-08-01 03:31:54,163840,53934,138,100,50,74,114013387.5,1966730.93,857
1785564355,2026-08-01 06:05:55,163925,53950,138,100,50,74,114083472.5,1967939.9,857
1785572443,2026-08-01 08:20:43,164020,53964,138,100,50,74,114199813.0,1969946.77,857
1785578513,2026-08-01 10:01:53,164136,53990,138,100,50,74,114349584.0,1972530.32,858
1785582657,2026-08-01 11:10:57,164235,54016,138,100,50,74,114427712.4,1973878.04,858
1785586896,2026-08-01 12:21:36,164332,54035,138,100,50,74,114520232.2,1975474.01,858
1785592799,2026-08-01 13:59:59,164476,54068,138,100,50,74,114622192.9,1977232.83,858
1785597277,2026-08-01 15:14:37,164644,54110,138,100,50,74,114725217.3,1979010.0,858
1785600832,2026-08-01 16:13:52,164833,54156,138,100,50,74,114871125.4,1981526.91,858
1785604936,2026-08-01 17:22:16,165016,54204,138,100,50,74,115001723.4,1983779.73,858
1785608570,2026-08-01 18:22:50,165222,54252,138,100,50,74,115161907.8,1986542.91,858
1785612847,2026-08-01 19:34:07,165393,54297,138,100,50,74,115291597.0,1988780.05,858
1785616807,2026-08-01 20:40:07,165543,54325,138,100,50,74,115426789.4,1991112.12,859
1785620297,2026-08-01 21:38:17,165652,54353,138,100,50,74,115514356.9,1992622.66,859
1785624544,2026-08-01 22:49:04,165754,54381,138,100,50,74,115595391.4,1994020.5,859
1785627861,2026-08-01 23:44:21,165848,54401,138,100,50,74,115679462.5,1995470.73,859
1785641374,2026-08-02 03:29:34,165945,54416,138,100,50,74,115748962.9,1996669.61,859
1785650642,2026-08-02 06:04:02,166033,54429,138,100,50,74,115833195.7,1998122.63,859
1785659543,2026-08-02 08:32:23,166126,54449,138,100,50,74,115932950.6,1999843.4,859
1785666525,2026-08-02 10:28:45,166233,54475,138,100,50,74,116035809.4,2001617.71,860
1785670244,2026-08-02 11:30:44,166313,54493,138,100,50,74,116105980.7,2002828.17,860
1785673988,2026-08-02 12:33:08,166415,54516,138,100,50,74,116201666.3,2004478.74,860
1785678878,2026-08-02 13:54:38,166559,54553,138,100,50,74,116302731.9,2006222.13,860
1785683783,2026-08-02 15:16:23,166722,54587,138,100,50,74,116407050.3,2008021.62,860
1785687386,2026-08-02 16:16:26,166893,54640,138,100,50,74,116535706.2,2010240.93,860
1785691558,2026-08-02 17:25:58,167112,54696,139,100,50,74,116674776.4,2012639.89,860
1785694759,2026-08-02 18:19:19,167303,54745,139,100,50,74,116831642.0,2015345.82,860
1785699868,2026-08-02 19:44:28,167495,54797,139,100,50,74,116986835.0,2018022.9,860
1785703611,2026-08-02 20:46:51,167657,54836,139,100,50,74,117130715.3,2020504.84,860
1785707432,2026-08-02 21:50:32,167808,54881,139,100,50,74,117270655.6,2022918.81,860
1785711386,2026-08-02 22:56:26,167951,54914,139,100,50,75,117391006.2,2024994.86,860
1785715022,2026-08-02 23:57:02,168068,54935,139,100,50,75,117469038.0,2026340.91,860
1785728497,2026-08-03 03:41:37,168158,54951,139,100,50,75,117544542.7,2027643.36,860
1785741647,2026-08-03 07:20:47,168278,54975,139,100,50,75,117608168.4,2028740.91,860
1785753654,2026-08-03 10:40:54,168392,55003,139,100,50,75,117730591.3,2030852.7,860
1785763134,2026-08-03 13:18:54,168522,55045,139,100,50,75,117811745.9,2032252.62,860
1785772613,2026-08-03 15:56:53,168718,55093,139,100,50,74,117911772.3,2033978.07,860
1785779591,2026-08-03 17:53:11,168949,55160,140,100,50,74,118056106.2,2036467.83,860
1785785934,2026-08-03 19:38:54,169170,55222,141,100,50,74,118192440.3,2038819.6,860
1785789981,2026-08-03 20:46:21,169315,55258,141,100,50,74,118327654.0,2041152.03,860
1785794263,2026-08-03 21:57:43,169476,55303,141,100,50,74,118422186.1,2042782.71,860
1785799028,2026-08-03 23:17:08,169641,55344,141,100,50,74,118538506.2,2044789.23,860
1785804192,2026-08-04 00:43:12,169776,55377,141,100,50,74,118616840.0,2046140.49,860
1785816465,2026-08-04 04:07:45,169865,55391,141,100,50,74,118678484.2,2047203.85,860
1785826785,2026-08-04 06:59:45,169964,55408,141,100,50,74,118751150.1,2048457.34,860
1785836778,2026-08-04 09:46:18,170110,55437,141,100,50,74,118869291.8,2050495.28,860
1785844452,2026-08-04 11:54:12,170227,55464,141,100,50,74,118978378.9,2052377.04,860
1785853543,2026-08-04 14:25:43,170395,55508,141,100,50,74,119093855.2,2054369.0,860
1785860288,2026-08-04 16:18:08,170611,55574,141,100,50,74,119212582.4,2056417.05,860
1785866416,2026-08-04 18:00:16,170808,55620,141,100,50,74,119332142.6,2058479.46,860
1785872949,2026-08-04 19:49:09,171030,55673,141,100,50,74,119460540.0,2060694.32,860
1785877732,2026-08-04 21:08:52,171190,55717,141,100,50,74,119605730.7,2063198.86,860
1785881918,2026-08-04 22:18:38,171354,55765,141,100,50,74,119733340.6,2065400.12,860
1785885421,2026-08-04 23:17:01,171487,55800,141,100,50,74,119868046.6,2067723.8,861
1785891072,2026-08-05 00:51:12,171604,55819,141,100,50,74,119917300.5,2068573.43,860
1785902728,2026-08-05 04:05:28,171701,55829,141,100,50,74,119980995.6,2069672.17,860
1785912823,2026-08-05 06:53:43,171795,55845,141,100,50,74,120038578.5,2070665.48,860
1785923103,2026-08-05 09:45:03,171917,55860,141,100,50,74,120138915.2,2072396.29,860
1785930916,2026-08-05 11:55:16,172018,55876,141,100,50,74,120245399.3,2074233.14,861
1785939274,2026-08-05 14:14:34,172215,55921,141,100,50,74,120373356.1,2076440.39,861
1785945857,2026-08-05 16:04:17,172436,55986,141,100,50,74,120477356.6,2078234.4,860
1785951755,2026-08-05 17:42:35,172667,56058,141,100,50,74,120603044.1,2080402.51,860
1785958412,2026-08-05 19:33:32,172924,56124,141,100,50,74,120755685.7,2083035.58,860
1785961776,2026-08-05 20:29:36,173095,56164,141,100,50,74,120903192.8,2085580.08,860
1785966001,2026-08-05 21:40:01,173245,56200,141,100,50,74,121011757.5,2087452.82,860
1785971079,2026-08-05 23:04:39,173385,56242,141,100,50,74,121086009.4,2088733.66,860
1785974235,2026-08-05 23:57:15,173507,56265,141,100,50,74,121144860.0,2089748.84,860
1785986796,2026-08-06 03:26:36,173603,56282,141,100,50,74,121202063.4,2090735.59,860
1785994905,2026-08-06 05:41:45,173681,56298,141,100,50,74,121253364.4,2091620.54,860
1786006677,2026-08-06 08:57:57,173799,56316,141,100,50,74,121339047.4,2093098.57,860
1786014831,2026-08-06 11:13:51,173911,56338,141,100,50,74,121442201.5,2094877.98,860
1786021453,2026-08-06 13:04:13,174034,56366,141,100,50,74,121544919.7,2096649.86,860
1786029534,2026-08-06 15:18:54,174218,56405,141,100,50,74,121645883.9,2098391.5,860
1786062016,2026-08-07 00:20:16,174387,56436,141,100,50,74,121709135.5,2099482.59,860
1786072792,2026-08-07 03:19:52,174489,56455,141,100,50,74,121753401.3,2100246.17,859
1786079233,2026-08-07 05:07:13,174581,56476,141,100,50,74,121809653.1,2101216.52,859
1786084074,2026-08-07 06:27:54,174669,56489,141,100,50,74,121850324.1,2101918.09,859
1786088790,2026-08-07 07:46:30,174781,56506,141,100,50,74,121923151.9,2103174.37,859
1786093107,2026-08-07 08:58:27,174875,56519,141,100,50,74,122009977.1,2104672.11,859
1786095368,2026-08-07 09:36:08,174962,56539,141,100,50,74,122095232.5,2106142.76,859
1786099250,2026-08-07 10:40:50,175058,56554,141,100,50,74,122168987.8,2107415.04,859
1786102891,2026-08-07 11:41:31,175136,56570,141,100,50,74,122222826.5,2108343.76,859
1786107524,2026-08-07 12:58:44,175232,56592,141,100,50,74,122287081.6,2109452.16,859
1786111935,2026-08-07 14:12:15,175377,56624,141,100,50,74,122355981.3,2110640.68,859
1786115624,2026-08-07 15:13:44,175535,56667,141,100,50,74,122437179.5,2112041.35,859
1786119170,2026-08-07 16:12:50,175715,56718,141,100,50,74,122526498.2,2113582.09,859
1786122807,2026-08-07 17:13:27,175901,56770,141,100,50,74,122628097.8,2115334.69,859
1786125343,2026-08-07 17:55:43,176103,56823,141,100,50,74,122759333.7,2117598.51,858
1786129489,2026-08-07 19:04:49,176289,56869,141,100,50,74,122889888.5,2119850.58,858
1786131932,2026-08-07 19:45:32,176441,56900,141,100,50,74,122966248.1,2121167.78,858
1786134708,2026-08-07 20:31:48,176594,56939,141,100,50,74,123080405.8,2123137.0,858
1786137648,2026-08-07 21:20:48,176715,56974,141,100,50,74,123180986.6,2124872.02,858
1786140138,2026-08-07 22:02:18,176818,56994,141,100,50,74,123243401.0,2125948.67,858
1786142676,2026-08-07 22:44:36,176928,57022,141,100,50,74,123303342.2,2126982.65,858
1786144972,2026-08-07 23:22:52,177032,57042,141,100,50,74,123370703.0,2128144.63,858
1786148174,2026-08-08 00:16:14,177132,57066,141,100,50,74,123431173.9,2129187.75,858
1786155105,2026-08-08 02:11:45,177228,57089,141,100,50,74,123475749.8,2129956.68,858
1786159010,2026-08-08 03:16:50,177320,57098,141,100,50,74,123532119.6,2130929.06,858
1786163015,2026-08-08 04:23:35,177383,57109,141,100,50,74,123569066.2,2131566.39,858
1786167036,2026-08-08 05:30:36,177421,57116,141,100,50,74,123596052.9,2132031.91,858
1786169472,2026-08-08 06:11:12,177468,57123,141,100,50,74,123627014.5,2132566.0,858
1786172833,2026-08-08 07:07:13,177551,57133,141,100,50,74,123686481.2,2133591.8,858
1786175344,2026-08-08 07:49:04,177614,57142,141,100,50,74,123728970.7,2134324.74,858
1786178688,2026-08-08 08:44:48,177681,57155,141,100,50,74,123773862.2,2135099.12,858
1786181784,2026-08-08 09:36:24,177778,57178,141,100,50,74,123849590.0,2136405.43,858
1786183562,2026-08-08 10:06:02,177841,57188,141,100,50,74,123902923.9,2137325.44,858
1786185597,2026-08-08 10:39:57,177906,57199,141,100,50,74,123951350.0,2138160.79,858
1786187848,2026-08-08 11:17:28,177972,57212,141,100,50,74,124003909.5,2139067.44,858
1786188418,2026-08-08 11:26:58,178025,57221,141,100,50,74,124048037.0,2139828.64,858
1786193025,2026-08-08 12:43:45,178127,57243,141,100,50,74,124113027.8,2140949.73,858
1786196492,2026-08-08 13:41:32,178233,57270,141,100,50,74,124190381.2,2142284.08,858
1786198155,2026-08-08 14:09:15,178328,57289,141,100,50,74,124246742.7,2143256.31,858
1786200335,2026-08-08 14:45:35,178417,57315,141,100,50,74,124304065.4,2144245.13,858
1786202730,2026-08-08 15:25:30,178518,57337,141,100,50,74,124370617.1,2145393.14,858
1786204057,2026-08-08 15:47:37,178608,57360,141,100,50,74,124424060.4,2146315.04,858
1786206461,2026-08-08 16:27:41,178746,57391,141,100,50,74,124505439.9,2147718.84,858
1786208787,2026-08-08 17:06:27,178863,57422,141,100,50,74,124583404.3,2149063.72,858
1786210840,2026-08-08 17:40:40,178980,57447,141,100,50,74,124668031.0,2150523.53,858
1786212639,2026-08-08 18:10:39,179128,57481,141,100,50,74,124770632.5,2152293.41,858
1786215270,2026-08-08 18:54:30,179261,57526,141,100,50,74,124879741.1,2154175.53,858
1786217343,2026-08-08 19:29:03,179355,57543,141,100,50,74,124955956.2,2155490.25,858
1786218802,2026-08-08 19:53:22,179431,57559,141,100,50,74,125024564.6,2156673.74,858
1786221258,2026-08-08 20:34:18,179527,57577,141,100,50,74,125090121.1,2157804.59,858
1786222583,2026-08-08 20:56:23,179594,57594,141,100,50,74,125145252.7,2158755.61,858
1786224441,2026-08-08 21:27:21,179691,57621,141,100,50,74,125227893.2,2160181.16,858
1786225804,2026-08-08 21:50:04,179759,57633,141,100,50,74,125280872.5,2161095.05,858
1786228717,2026-08-08 22:38:37,179836,57652,141,100,50,74,125323353.6,2161827.85,858
1786230048,2026-08-08 23:00:48,179894,57666,141,100,50,74,125363644.1,2162522.86,858
1786232195,2026-08-08 23:36:35,179960,57683,141,100,50,74,125412668.6,2163368.53,858
1786235160,2026-08-09 00:26:00,180033,57694,141,100,50,74,125448621.8,2163988.73,858
1786242354,2026-08-09 02:25:54,180109,57709,141,100,50,74,125481154.7,2164549.92,858
1786246241,2026-08-09 03:30:41,180177,57724,141,100,50,74,125521470.1,2165245.36,858
1786251452,2026-08-09 04:57:32,180221,57730,141,100,50,74,125547934.1,2165701.86,858
1786254582,2026-08-09 05:49:42,180271,57738,141,100,50,74,125587839.8,2166390.24,858
1786258577,2026-08-09 06:56:17,180360,57749,141,100,50,74,125649923.5,2167461.18,858
1786261421,2026-08-09 07:43:41,180447,57759,141,100,50,74,125706293.8,2168433.57,858
1786264148,2026-08-09 08:29:08,180519,57769,141,100,50,74,125763854.0,2169426.48,858
1786267642,2026-08-09 09:27:22,180592,57781,141,100,50,74,125835348.9,2170659.77,858
1786269507,2026-08-09 09:58:27,180654,57792,141,100,50,74,125884594.7,2171509.26,858
1786272144,2026-08-09 10:42:24,180731,57802,141,100,50,74,125952773.7,2172685.35,858
1786274493,2026-08-09 11:21:33,180825,57814,141,100,50,74,126037253.6,2174142.62,858
1786275644,2026-08-09 11:40:44,180881,57822,141,100,50,74,126079028.1,2174863.24,858
1786280422,2026-08-09 13:00:22,180973,57844,141,100,50,74,126128874.1,2175723.08,858
1786283155,2026-08-09 13:45:55,181092,57867,141,100,50,74,126205429.2,2177043.65,858
1786285957,2026-08-09 14:32:37,181201,57895,141,100,50,74,126272632.3,2178202.91,858
1786287662,2026-08-09 15:01:02,181300,57921,141,100,50,74,126333229.9,2179248.22,858
1786289672,2026-08-09 15:34:32,181425,57950,141,100,50,74,126410880.2,2180587.68,858
1786292007,2026-08-09 16:13:27,181554,57988,141,100,50,74,126492723.4,2181999.48,858
1786294121,2026-08-09 16:48:41,181711,58023,141,100,50,74,126596270.9,2183785.67,858
1786296651,2026-08-09 17:30:51,181861,58072,141,100,50,74,126709655.2,2185741.55,858
1786298493,2026-08-09 18:01:33,181996,58105,141,100,50,74,126795099.3,2187215.46,858
1786301495,2026-08-09 18:51:35,182196,58167,141,100,50,74,126931350.6,2189565.8,858
1786303527,2026-08-09 19:25:27,182345,58211,141,100,50,74,127046752.1,2191556.47,858
1786305091,2026-08-09 19:51:31,182460,58248,141,100,50,74,127132095.0,2193028.64,858
1786308123,2026-08-09 20:42:03,182592,58291,141,100,50,74,127238474.0,2194863.68,858
1786310463,2026-08-09 21:21:03,182704,58332,141,100,50,74,127327542.6,2196400.11,858
1786311957,2026-08-09 21:45:57,182771,58350,141,100,50,74,127372432.7,2197174.46,858
1786314517,2026-08-09 22:28:37,182860,58374,141,100,50,74,127428192.8,2198136.33,858
1786316209,2026-08-09 22:56:49,182931,58398,141,100,50,74,127467941.7,2198821.99,858
1786318298,2026-08-09 23:31:38,182994,58413,141,100,50,74,127513277.1,2199604.03,858
1786321687,2026-08-10 00:28:07,183104,58437,141,100,50,74,127593786.1,2200992.81,858
1786330027,2026-08-10 02:47:07,183214,58458,141,100,50,74,127660139.9,2202137.41,858
1786335970,2026-08-10 04:26:10,183279,58470,141,100,50,74,127700797.1,2202838.75,858
1786339510,2026-08-10 05:25:10,183338,58477,141,100,50,74,127731792.3,2203373.42,857
1786347524,2026-08-10 07:38:44,183439,58487,141,100,50,74,127797741.1,2204511.03,857
1786353424,2026-08-10 09:17:04,183550,58514,141,100,50,74,127906895.7,2206393.95,858
1786357952,2026-08-10 10:32:32,183655,58534,141,100,50,74,127985782.4,2207754.75,858
1786360937,2026-08-10 11:22:17,183735,58542,141,100,50,74,128045056.4,2208777.22,858
1786364431,2026-08-10 12:20:31,183852,58563,141,100,50,74,128125057.0,2210157.23,857
1786369790,2026-08-10 13:49:50,184000,58598,141,100,50,74,128204607.4,2211529.48,857
1786373539,2026-08-10 14:52:19,184165,58638,141,100,50,74,128283213.4,2212885.43,857
1786376721,2026-08-10 15:45:21,184312,58666,141,100,50,74,128368164.2,2214350.83,857
1786380985,2026-08-10 16:56:25,184504,58708,141,100,50,74,128491763.4,2216482.92,857
1786384283,2026-08-10 17:51:23,184692,58763,141,100,50,74,128618197.5,2218663.91,857
1786388036,2026-08-10 18:53:56,184875,58813,141,100,50,74,128739696.5,2220759.76,857
1786391137,2026-08-10 19:45:37,185046,58856,142,100,50,74,128843474.8,2222549.94,857
1786394576,2026-08-10 20:42:56,185175,58880,142,100,50,74,128920467.1,2223878.06,857
1786397887,2026-08-10 21:38:07,185296,58907,142,100,50,74,128996978.8,2225197.88,857
1786399773,2026-08-10 22:09:33,185380,58926,142,100,50,74,129038131.9,2225907.78,857
1786402443,2026-08-10 22:54:03,185465,58947,142,100,50,74,129080504.9,2226638.71,857
1786404718,2026-08-10 23:31:58,185549,58962,142,100,50,74,129127463.3,2227448.74,857
1786407770,2026-08-11 00:22:50,185646,58983,142,100,50,74,129178858.5,2228335.31,856
1786415496,2026-08-11 02:31:36,185753,59003,142,100,50,74,129228315.2,2229188.44,856
1786420900,2026-08-11 04:01:40,185835,59012,142,100,50,74,129261743.6,2229765.08,856
1786425460,2026-08-11 05:17:40,185919,59030,142,100,50,74,129310776.3,2230610.89,856
1786427381,2026-08-11 05:49:41,185987,59044,142,100,50,74,129354057.6,2231357.49,856
1786433692,2026-08-11 07:34:52,186057,59054,142,100,50,74,129398000.6,2232115.51,856
1786436794,2026-08-11 08:26:34,186154,59067,142,100,50,74,129491099.3,2233721.46,856
1786440105,2026-08-11 09:21:45,186270,59092,142,100,50,74,129567827.0,2235045.02,856
1786443629,2026-08-11 10:20:29,186363,59115,142,100,50,74,129629419.1,2236107.48,856
1786446713,2026-08-11 11:11:53,186438,59130,142,100,50,74,129702038.4,2237360.16,856
1786450184,2026-08-11 12:09:44,186532,59153,142,100,50,74,129790956.0,2238893.99,856
1786455582,2026-08-11 13:39:42,186738,59237,142,100,50,74,129938549.7,2241439.98,856
1786459296,2026-08-11 14:41:36,186899,59272,142,100,50,74,130023177.4,2242899.81,856
1786463314,2026-08-11 15:48:34,187077,59316,142,100,50,74,130107425.0,2244353.08,856
1786467205,2026-08-11 16:53:25,187260,59359,142,100,50,74,130202007.2,2245984.62,856
1786470611,2026-08-11 17:50:11,187456,59415,142,100,50,74,130332797.4,2248240.76,856
1786475124,2026-08-11 19:05:24,187679,59472,142,100,50,74,130490909.0,2250968.18,856
1786477963,2026-08-11 19:52:43,187822,59508,142,100,50,74,130583209.4,2252560.36,856
1786481509,2026-08-11 20:51:49,187971,59552,142,100,50,74,130689937.1,2254401.42,856
1786484779,2026-08-11 21:46:19,188117,59584,142,100,50,74,130780198.4,2255958.42,856
1786487841,2026-08-11 22:37:21,188235,59611,142,100,50,74,130844967.5,2257075.69,856
1786490280,2026-08-11 23:18:00,188322,59631,142,100,50,74,130903437.2,2258084.29,856
1786494608,2026-08-12 00:30:08,188444,59666,142,100,50,74,130966763.3,2259176.67,855
1786503309,2026-08-12 02:55:09,188550,59696,143,100,50,74,131018420.0,2260067.74,855
1786509598,2026-08-12 04:39:58,188632,59716,143,100,50,74,131070117.2,2260959.52,855
1786515308,2026-08-12 06:15:08,188724,59727,143,100,50,74,131119788.1,2261816.35,855
1786520904,2026-08-12 07:48:24,188822,59743,143,100,50,74,131177235.3,2262807.31,855
1786525008,2026-08-12 08:56:48,188913,59761,143,100,50,74,131229102.7,2263702.02,855
1786529688,2026-08-12 10:14:48,189013,59783,143,100,50,74,131294864.5,2264836.41,855
1786532646,2026-08-12 11:04:06,189094,59801,143,100,50,74,131361725.0,2265989.76,855
1786535656,2026-08-12 11:54:16,189183,59818,143,100,50,74,131421999.8,2267029.5,855
1786541583,2026-08-12 13:33:03,189327,59849,143,100,50,74,131487240.1,2268154.89,855
1786545434,2026-08-12 14:37:14,189483,59887,143,100,50,74,131562039.5,2269445.18,855
1786548600,2026-08-12 15:30:00,189657,59936,143,100,50,74,131671374.4,2271331.21,855
1786552155,2026-08-12 16:29:15,189855,59977,143,100,50,74,131769966.3,2273031.92,854
1786555949,2026-08-12 17:32:29,190055,60036,143,100,50,74,131902804.5,2275323.38,854
1786559239,2026-08-12 18:27:19,190260,60092,143,100,50,74,132042472.7,2277732.65,854
1786563296,2026-08-12 19:34:56,190485,60142,143,100,50,74,132172852.8,2279981.71,854
1786565322,2026-08-12 20:08:42,190605,60166,143,100,50,74,132264815.1,2281568.06,854
1786568972,2026-08-12 21:09:32,190750,60200,143,100,50,74,132359043.8,2283193.5,854
1786571554,2026-08-12 21:52:34,190881,60246,143,100,50,74,132456892.1,2284881.39,854
1786574949,2026-08-12 22:49:09,191000,60276,143,100,50,74,132526651.3,2286084.73,854
1786578117,2026-08-12 23:41:57,191106,60308,143,100,50,74,132593923.4,2287245.18,854
1786584512,2026-08-13 01:28:32,191237,60343,143,100,50,74,132658745.2,2288363.35,854
1786592425,2026-08-13 03:40:25,191344,60367,143,100,50,74,132715066.0,2289334.89,854
1786598100,2026-08-13 05:15:00,191417,60379,143,100,50,74,132751237.5,2289958.85,854
1786603451,2026-08-13 06:44:11,191514,60394,143,100,50,74,132819158.3,2291130.48,854
1786609120,2026-08-13 08:18:40,191632,60415,143,100,50,74,132895164.8,2292441.59,854
1786612690,2026-08-13 09:18:10,191728,60435,143,100,50,74,132968523.7,2293707.03,854
1786616679,2026-08-13 10:24:39,191820,60453,143,100,50,74,133029726.8,2294762.79,854
1786620221,2026-08-13 11:23:41,191896,60469,143,100,50,74,133095597.5,2295899.06,854
1786623186,2026-08-13 12:13:06,191991,60482,143,100,50,74,133153546.7,2296898.68,854
1786628466,2026-08-13 13:41:06,192159,60511,143,100,50,74,133236192.2,2298324.32,854
1786633043,2026-08-13 14:57:23,192341,60557,143,100,50,74,133347917.5,2300251.58,854
1786636757,2026-08-13 15:59:17,192572,60623,143,100,50,74,133481516.8,2302556.16,854
1786640381,2026-08-13 16:59:41,192828,60702,143,100,50,74,133653349.4,2305520.28,854
1786643861,2026-08-13 17:57:41,193008,60751,143,100,50,74,133759017.0,2307343.04,853
1786647803,2026-08-13 19:03:23,193251,60821,143,100,50,74,133918889.4,2310100.84,853
1786650655,2026-08-13 19:50:55,193398,60850,143,100,50,74,134020779.0,2311858.44,853
1786653593,2026-08-13 20:39:53,193575,60897,143,100,50,74,134144120.3,2313986.08,853
1786657253,2026-08-13 21:40:53,193701,60940,143,100,50,74,134237767.2,2315601.48,853
1786660235,2026-08-13 22:30:35,193829,60983,143,100,50,74,134324489.3,2317097.44,853
1786662623,2026-08-13 23:10:23,193937,61023,143,100,50,74,134397393.1,2318355.03,853
1786664721,2026-08-13 23:45:21,194050,61058,143,100,50,74,134460386.2,2319441.66,853
1786674709,2026-08-14 02:31:49,194171,61095,143,100,50,74,134519498.4,2320461.35,853
1786680783,2026-08-14 04:13:03,194271,61115,143,100,50,74,134566003.1,2321263.55,853
1786686036,2026-08-14 05:40:36,194344,61138,143,100,50,74,134624779.3,2322277.44,853
1786692482,2026-08-14 07:28:02,194437,61156,143,100,50,74,134664847.3,2322968.62,853
1786696795,2026-08-14 08:39:55,194591,61212,143,100,50,74,134777957.9,2324919.77,853
1786698578,2026-08-14 09:09:38,194774,61297,143,100,50,74,134933382.1,2327600.84,853
1786702285,2026-08-14 10:11:25,194883,61317,143,100,50,74,135022726.4,2329142.03,853
1786704722,2026-08-14 10:52:02,194958,61326,143,100,50,74,135075214.7,2330047.45,853
1786709766,2026-08-14 12:16:06,195047,61340,143,100,50,74,135128190.0,2330961.28,853
1786715058,2026-08-14 13:44:18,195194,61378,143,100,50,74,135237364.4,2332844.54,853
1786718482,2026-08-14 14:41:22,195346,61421,143,100,50,74,135319188.9,2334256.01,853
1786721665,2026-08-14 15:34:25,195529,61463,143,100,50,74,135426317.4,2336103.97,853
1786725422,2026-08-14 16:37:02,195715,61507,143,100,50,74,135512125.9,2337584.17,852
1786728224,2026-08-14 17:23:44,195914,61556,143,100,50,74,135623561.2,2339506.43,852
1786731159,2026-08-14 18:12:39,196118,61603,143,100,50,74,135759160.1,2341845.51,852
1786735228,2026-08-14 19:20:28,196324,61652,143,100,50,74,135879845.9,2343927.34,852
1786737416,2026-08-14 19:56:56,196434,61679,143,100,50,74,135968110.9,2345449.91,852
1786739259,2026-08-14 20:27:39,196566,61707,143,100,50,74,136076165.4,2347313.85,852
1786740292,2026-08-14 20:44:52,196659,61738,143,100,50,74,136154124.8,2348658.65,852
1786742772,2026-08-14 21:26:12,196769,61765,143,100,50,74,136240852.9,2350154.71,852
1786744063,2026-08-14 21:47:43,196832,61780,143,100,50,74,136279508.4,2350821.52,852
1786745791,2026-08-14 22:16:31,196916,61805,143,100,50,74,136321169.9,2351540.18,852
1786746679,2026-08-14 22:31:19,196984,61820,143,100,50,74,136358149.4,2352178.08,852
1786748583,2026-08-14 23:03:03,197053,61832,143,100,50,74,136391042.8,2352745.49,852
1786750474,2026-08-14 23:34:34,197102,61842,143,100,50,74,136423452.4,2353304.55,852
1786751861,2026-08-14 23:57:41,197186,61870,143,100,50,74,136482037.0,2354315.14,852
1786758086,2026-08-15 01:41:26,197303,61888,143,100,50,74,136556172.2,2355593.97,852
1786761588,2026-08-15 02:39:48,197373,61900,143,100,50,74,136602260.9,2356389.0,852
1786764259,2026-08-15 03:24:19,197432,61907,143,100,50,74,136658898.8,2357366.0,852
1786766069,2026-08-15 03:54:29,197474,61915,143,100,50,74,136687323.0,2357856.32,852
1786768540,2026-08-15 04:35:40,197526,61923,143,100,50,74,136721913.7,2358453.01,852
1786769736,2026-08-15 04:55:36,197560,61925,143,100,50,74,136743930.9,2358832.81,852
1786770319,2026-08-15 05:05:19,197594,61930,143,100,50,74,136771185.2,2359302.95,852
1786771498,2026-08-15 05:24:58,197615,61932,143,100,50,74,136786708.1,2359570.71,852
1786774736,2026-08-15 06:18:56,197687,61935,143,100,50,74,136836617.5,2360431.65,852
1786777684,2026-08-15 07:08:04,197756,61946,143,100,50,74,136886665.1,2361294.97,852
1786778879,2026-08-15 07:27:59,197806,61957,143,100,50,74,136927770.8,2362004.05,852
1786781444,2026-08-15 08:10:44,197859,61960,143,100,50,74,136970814.3,2362746.55,852
1786781874,2026-08-15 08:17:54,197909,61969,143,100,50,74,137010765.0,2363435.7,852
1786785747,2026-08-15 09:22:27,197975,61981,143,100,50,74,137065622.4,2364381.99,852
1786785961,2026-08-15 09:26:01,198018,61991,143,100,50,74,137098322.2,2364946.06,852
1786787872,2026-08-15 09:57:52,198071,62002,143,100,50,74,137148903.1,2365818.58,852
1786790019,2026-08-15 10:33:39,198137,62016,143,100,50,74,137208852.9,2366852.71,852
1786790526,2026-08-15 10:42:06,198175,62024,143,100,50,74,137242154.8,2367427.17,852
1786792630,2026-08-15 11:17:10,198237,62032,143,100,50,74,137293604.2,2368314.67,852
1786793547,2026-08-15 11:32:27,198268,62035,143,100,50,74,137315759.3,2368696.85,852
1786795368,2026-08-15 12:02:48,198309,62045,143,100,50,74,137349941.3,2369286.49,852
1786797740,2026-08-15 12:42:20,198400,62062,143,100,50,74,137411758.4,2370352.83,852
1786800065,2026-08-15 13:21:05,198473,62075,143,100,50,74,137458288.3,2371155.47,852
1786801607,2026-08-15 13:46:47,198520,62081,143,100,50,74,137483098.9,2371583.46,852
1786803400,2026-08-15 14:16:40,198594,62092,143,100,50,74,137541704.1,2372594.4,852
1786804492,2026-08-15 14:34:52,198655,62108,143,100,50,74,137580084.5,2373256.46,852
1786806231,2026-08-15 15:03:51,198725,62125,143,100,50,74,137622729.1,2373992.08,852
1786807049,2026-08-15 15:17:29,198801,62153,143,100,50,74,137666847.5,2374753.12,852
1786808725,2026-08-15 15:45:25,198868,62161,143,100,50,74,137704507.2,2375402.75,852
1786810868,2026-08-15 16:21:08,198972,62181,143,100,50,74,137753039.4,2376239.93,852
1786812342,2026-08-15 16:45:42,199068,62203,143,100,50,74,137818358.2,2377366.68,852
1786813560,2026-08-15 17:06:00,199163,62221,143,100,50,74,137889943.7,2378601.53,852
1786814584,2026-08-15 17:23:04,199240,62238,143,100,50,74,137941524.2,2379491.29,852
1786815952,2026-08-15 17:45:52,199303,62252,143,100,50,74,137992490.7,2380370.46,852
1786818568,2026-08-15 18:29:28,199436,62279,143,100,50,74,138098163.1,2382193.31,852
1786819867,2026-08-15 18:51:07,199518,62299,143,100,50,74,138173000.0,2383484.25,852
1786821195,2026-08-15 19:13:15,199598,62324,143,100,50,74,138232408.1,2384509.04,852
1786822726,2026-08-15 19:38:46,199661,62338,143,100,50,74,138277596.4,2385288.54,852
1786823156,2026-08-15 19:45:56,199718,62356,143,100,50,74,138337043.4,2386314.0,852
1786825053,2026-08-15 20:17:33,199808,62373,143,100,50,74,138394718.6,2387308.9,852
1786825577,2026-08-15 20:26:17,199860,62389,143,100,50,74,138436734.3,2388033.67,852
1786828190,2026-08-15 21:09:50,199925,62403,143,100,50,74,138477850.8,2388742.93,852
1786829659,2026-08-15 21:34:19,199971,62414,143,100,50,74,138514064.1,2389367.61,852
1786830223,2026-08-15 21:43:43,199997,62420,143,100,50,74,138536759.8,2389759.11,852
1786831823,2026-08-15 22:10:23,200057,62430,143,100,50,74,138575214.0,2390422.44,852
1786832834,2026-08-15 22:27:14,200104,62439,143,100,50,74,138598893.3,2390830.91,852
1786834782,2026-08-15 22:59:42,200152,62447,143,100,50,74,138624175.3,2391267.02,852
1786836299,2026-08-15 23:24:59,200188,62453,143,100,50,74,138650528.1,2391721.61,852
1786837098,2026-08-15 23:38:18,200228,62460,143,100,50,74,138671045.6,2392075.54,852
1786844007,2026-08-16 01:33:27,202034,64028,143,100,50,74,140469157.2,2423092.96,856
1786847771,2026-08-16 02:36:11,202260,64210,143,100,50,74,140626947.6,2425814.85,856
1786848856,2026-08-16 02:54:16,203362,65111,143,100,50,74,141663732.2,2443699.38,857
1786852359,2026-08-16 03:52:39,203427,65136,143,100,50,74,141688819.8,2444132.14,857
1786854887,2026-08-16 04:34:47,203464,65148,143,100,50,74,141718345.7,2444641.46,857
1786857596,2026-08-16 05:19:56,203497,65153,143,100,50,74,141740967.2,2445031.68,857
1786858974,2026-08-16 05:42:54,203580,65186,143,100,50,74,141848153.4,2446880.65,858
1786862279,2026-08-16 06:37:59,203651,65200,143,100,50,74,141878244.7,2447399.72,857
1786864301,2026-08-16 07:11:41,203734,65229,143,100,50,74,141925174.8,2448209.27,857
1786865996,2026-08-16 07:39:56,203833,65267,143,100,50,74,141987953.3,2449292.19,857
1786866784,2026-08-16 07:53:04,203904,65281,143,100,50,74,142049961.6,2450361.84,857
1786869969,2026-08-16 08:46:09,203969,65294,143,100,50,74,142097507.5,2451182.0,857
1786871916,2026-08-16 09:18:36,204035,65302,143,100,50,74,142148317.7,2452058.48,857
1786872816,2026-08-16 09:33:36,204074,65306,143,100,50,74,142184990.8,2452691.09,857
1786875399,2026-08-16 10:16:39,204162,65320,143,100,50,74,142268088.8,2454124.53,857
1786876306,2026-08-16 10:31:46,204211,65325,143,100,50,74,142320654.1,2455031.28,857
1786877282,2026-08-16 10:48:02,204260,65327,143,100,50,74,142363983.2,2455778.71,858
1786878478,2026-08-16 11:07:58,204307,65334,143,100,50,74,142407941.1,2456536.98,858
1786879872,2026-08-16 11:31:12,204339,65339,143,100,50,74,142434438.5,2456994.06,858
1786883050,2026-08-16 12:24:10,204438,65359,143,100,50,74,142496023.9,2458056.41,858
1786886104,2026-08-16 13:15:04,204525,65376,143,100,50,74,142569976.3,2459332.09,858
1786887650,2026-08-16 13:40:50,204602,65388,143,100,50,74,142611791.0,2460053.4,857
1786888925,2026-08-16 14:02:05,204667,65400,143,100,50,74,142657060.4,2460834.29,857
1786889785,2026-08-16 14:16:25,204752,65419,143,100,50,74,142718233.7,2461889.53,857
1786891509,2026-08-16 14:45:09,204808,65434,143,100,50,74,142762821.4,2462658.67,857
1786893407,2026-08-16 15:16:47,204904,65453,143,100,50,74,142818987.0,2463627.53,857
1786894798,2026-08-16 15:39:58,204966,65460,143,100,50,74,142859974.0,2464334.55,857
1786896323,2026-08-16 16:05:23,205070,65484,143,100,50,74,142924733.0,2465451.64,857
1786898116,2026-08-16 16:35:16,205174,65510,143,100,50,74,142981641.1,2466433.31,857
1786899159,2026-08-16 16:52:39,205248,65528,143,100,50,74,143040994.7,2467457.16,857
1786900728,2026-08-16 17:18:48,205343,65541,143,100,50,74,143096933.9,2468422.11,857
1786901722,2026-08-16 17:35:22,205418,65557,143,100,50,74,143145717.7,2469263.63,857
1786903408,2026-08-16 18:03:28,205514,65588,143,100,50,74,143219182.5,2470530.9,857
1786905517,2026-08-16 18:38:37,205653,65622,143,100,50,74,143313667.8,2472160.77,857
1786906743,2026-08-16 18:59:03,205750,65639,143,100,50,74,143380675.6,2473316.65,857
1786907758,2026-08-16 19:15:58,205833,65659,143,100,50,74,143445676.2,2474437.91,857
1786909204,2026-08-16 19:40:04,205915,65683,143,100,50,74,143504075.0,2475445.29,857
1786910280,2026-08-16 19:58:00,205994,65707,143,100,50,74,143569527.5,2476574.35,857
1786912151,2026-08-16 20:29:11,206099,65733,143,100,50,74,143655855.7,2478063.51,857
1786913314,2026-08-16 20:48:34,206166,65752,143,100,50,74,143721644.2,2479198.36,858
1786914670,2026-08-16 21:11:10,206254,65782,143,100,50,74,143820438.1,2480902.56,858
1786916322,2026-08-16 21:38:42,206322,65799,143,100,50,74,143867277.9,2481710.54,858
1786917145,2026-08-16 21:52:25,206370,65818,143,100,50,74,143903515.4,2482335.64,858
1786919078,2026-08-16 22:24:38,206442,65833,143,100,50,74,143944847.3,2483048.62,858
1786920125,2026-08-16 22:42:05,206499,65845,143,100,50,74,143987940.8,2483791.98,858
1786921497,2026-08-16 23:04:57,206565,65863,143,100,50,74,144026258.4,2484452.96,858
1786922387,2026-08-16 23:19:47,206616,65876,143,100,50,74,144063423.7,2485094.06,858
1786923715,2026-08-16 23:41:55,206645,65881,143,100,50,74,144083335.6,2485437.54,858
1786929869,2026-08-17 01:24:29,206776,65906,143,100,50,74,144154487.3,2486664.91,857
1786933875,2026-08-17 02:31:15,206867,65920,143,100,50,74,144215213.7,2487712.44,857
1786937066,2026-08-17 03:24:26,206935,65932,143,100,50,74,144255680.2,2488410.48,857
1786939095,2026-08-17 03:58:15,207001,65941,143,100,50,74,144306896.9,2489293.97,857
1786942520,2026-08-17 04:55:20,207039,65947,143,100,50,74,144340701.2,2489877.1,857
1786944754,2026-08-17 05:32:34,207097,65955,143,100,50,74,144373180.5,2490437.36,857
1786946745,2026-08-17 06:05:45,207143,65959,143,100,50,74,144399546.4,2490892.18,857
1786950607,2026-08-17 07:10:07,207246,65971,143,100,50,74,144477567.0,2492238.03,857
1786953732,2026-08-17 08:02:12,207310,65977,143,100,50,74,144523762.9,2493034.91,857
1786955467,2026-08-17 08:31:07,207396,65993,143,100,50,74,144581586.0,2494032.36,857
1786959673,2026-08-17 09:41:13,207490,66008,143,100,50,74,144649529.5,2495204.38,857
1786961827,2026-08-17 10:17:07,207561,66019,143,100,50,74,144714303.6,2496321.74,857
1786963580,2026-08-17 10:46:20,207632,66033,143,100,50,74,144767527.0,2497239.84,857
1786965311,2026-08-17 11:15:11,207711,66044,143,100,50,74,144830674.3,2498329.13,857
1786966789,2026-08-17 11:39:49,207758,66058,143,100,50,74,144878601.6,2499155.88,857
1786970118,2026-08-17 12:35:18,207853,66073,143,100,50,74,144940611.1,2500225.54,857
1786972362,2026-08-17 13:12:42,207943,66090,143,100,50,74,144991367.4,2501101.09,857
1786973609,2026-08-17 13:33:29,208032,66108,143,100,50,74,145048258.8,2502082.47,857
1786976831,2026-08-17 14:27:11,208161,66166,143,100,50,74,145161731.6,2504039.87,857
1786978129,2026-08-17 14:48:49,208285,66202,143,100,50,74,145233665.7,2505280.73,857
1786979732,2026-08-17 15:15:32,208460,66271,143,100,50,74,145336093.2,2507047.61,857
1786981098,2026-08-17 15:38:18,208651,66391,143,100,50,74,145467521.9,2509314.75,857
1786983611,2026-08-17 16:20:11,208948,66568,143,100,50,74,145680524.2,2512989.04,857
1786985244,2026-08-17 16:47:24,209075,66624,143,100,50,74,145762570.8,2514404.35,857
1786987541,2026-08-17 17:25:41,209225,66672,143,100,50,74,145856189.3,2516019.27,857
1786988333,2026-08-17 17:38:53,209320,66691,143,100,50,74,145926522.1,2517232.51,857
1786992042,2026-08-17 18:40:42,209487,66745,143,100,50,74,146032732.4,2519064.63,857
1786993933,2026-08-17 19:12:13,209616,66769,143,100,50,74,146121746.8,2520600.13,857
1786995594,2026-08-17 19:39:54,209714,66793,143,100,50,74,146190263.7,2521782.05,857
1786997017,2026-08-17 20:03:37,209809,66810,143,100,50,74,146246064.6,2522744.62,857
1786998847,2026-08-17 20:34:07,209904,66840,143,100,50,74,146313467.1,2523907.31,857
1787000027,2026-08-17 20:53:47,209989,66855,143,100,50,74,146377578.8,2525013.23,857
1787002002,2026-08-17 21:26:42,210091,66885,143,100,50,74,146431379.9,2525941.3,857
1787003403,2026-08-17 21:50:03,210148,66903,143,100,50,74,146475444.2,2526701.41,857
1787004199,2026-08-17 22:03:19,210236,66921,143,100,50,74,146536561.4,2527755.68,857
1787005632,2026-08-17 22:27:12,210296,66928,143,100,50,74,146571126.6,2528351.93,857
1787008608,2026-08-17 23:16:48,210376,66945,143,100,50,74,146629030.7,2529350.78,857
1787009973,2026-08-17 23:39:33,210428,66959,143,100,50,74,146661078.6,2529903.61,857
1787012600,2026-08-18 00:23:20,210538,66981,143,100,50,74,146726271.5,2531028.18,857
1787017892,2026-08-18 01:51:32,210630,67000,143,100,50,74,146802017.9,2532334.81,857
1787021304,2026-08-18 02:48:24,210714,67021,143,100,50,74,146855092.9,2533250.35,857
1787024334,2026-08-18 03:38:54,210789,67030,143,100,50,74,146897584.8,2533983.34,857
1787027256,2026-08-18 04:27:36,210831,67033,143,100,50,74,146923095.4,2534423.4,857
1787028678,2026-08-18 04:51:18,210872,67040,143,100,50,74,146961772.5,2535090.57,857
1787030133,2026-08-18 05:15:33,210903,67044,143,100,50,74,146976966.2,2535352.67,857
1787032052,2026-08-18 05:47:32,210946,67051,143,100,50,74,147012057.0,2535957.98,857
1787036034,2026-08-18 06:53:54,211029,67057,143,100,50,74,147057763.0,2536746.41,857
1787037485,2026-08-18 07:18:05,211103,67067,143,100,50,74,147099675.4,2537469.4,856
1787040355,2026-08-18 08:05:55,211171,67074,143,100,50,74,147149269.4,2538324.9,856
1787042970,2026-08-18 08:49:30,211237,67084,143,100,50,74,147207443.6,2539328.4,856
1787045754,2026-08-18 09:35:54,211326,67093,143,100,50,74,147273765.6,2540472.46,857
1787046684,2026-08-18 09:51:24,211385,67107,143,100,50,74,147320882.0,2541285.21,857
1787049009,2026-08-18 10:30:09,211459,67119,143,100,50,74,147386153.0,2542411.14,857
1787050781,2026-08-18 10:59:41,211506,67126,143,100,50,74,147438734.0,2543318.16,857
1787051970,2026-08-18 11:19:30,211584,67139,143,100,50,74,147499348.5,2544363.76,857
1787053121,2026-08-18 11:38:41,211626,67148,144,100,50,74,147526481.4,2544831.8,857
1787057294,2026-08-18 12:48:14,211753,67178,144,100,50,74,147610574.7,2546282.41,857
1787060133,2026-08-18 13:35:33,211887,67202,144,100,50,74,147692315.2,2547692.44,857
1787062386,2026-08-18 14:13:06,211991,67225,144,100,50,74,147760214.3,2548863.7,856
1787064665,2026-08-18 14:51:05,212106,67241,144,100,50,74,147827298.1,2550020.89,856
1787066924,2026-08-18 15:28:44,212256,67266,144,100,50,74,147921705.5,2551649.42,856
1787068676,2026-08-18 15:57:56,212367,67292,144,100,50,74,147992546.3,2552871.42,856
1787070592,2026-08-18 16:29:52,212507,67320,144,100,50,74,148079378.6,2554369.28,856
1787072667,2026-08-18 17:04:27,212614,67343,144,100,50,74,148153327.5,2555644.9,856
1787074376,2026-08-18 17:32:56,212730,67369,144,100,50,74,148242531.8,2557183.67,856
1787076342,2026-08-18 18:05:42,212857,67397,144,100,50,74,148348416.6,2559010.19,856
1787078392,2026-08-18 18:39:52,213027,67436,144,100,50,74,148486984.9,2561400.49,856
1787080919,2026-08-18 19:21:59,213157,67461,144,100,50,74,148583779.9,2563070.2,856
1787082176,2026-08-18 19:42:56,213228,67477,144,100,50,74,148641130.0,2564059.49,857
1787083586,2026-08-18 20:06:26,213323,67494,144,100,50,74,148698294.4,2565045.58,857
1787085078,2026-08-18 20:31:18,213404,67518,144,100,50,74,148756580.6,2566051.02,857
1787086281,2026-08-18 20:51:21,213481,67539,144,100,50,74,148818270.6,2567115.17,857
1787087922,2026-08-18 21:18:42,213552,67559,144,100,50,74,148879223.8,2568166.61,857
1787089589,2026-08-18 21:46:29,213618,67574,144,100,50,74,148927930.5,2569006.8,857
1787091667,2026-08-18 22:21:07,213715,67593,144,100,50,74,148994527.2,2570155.59,857
1787092843,2026-08-18 22:40:43,213785,67605,144,100,50,74,149050408.1,2571119.54,857
1787094596,2026-08-18 23:09:56,213845,67613,144,100,50,74,149070424.1,2571464.82,857
1787095844,2026-08-18 23:30:44,213908,67628,144,100,50,74,149108722.9,2572125.47,857
1787096558,2026-08-18 23:42:38,213953,67642,144,100,50,74,149141725.9,2572694.77,857
1787103127,2026-08-19 01:32:07,214090,67679,144,100,50,74,149204349.9,2573775.04,857
1787106691,2026-08-19 02:31:31,214174,67695,144,100,50,74,149242633.1,2574435.42,856
1787109556,2026-08-19 03:19:16,214235,67706,144,100,50,74,149271994.2,2574941.9,856
1787111539,2026-08-19 03:52:19,214286,67714,144,100,50,74,149302266.5,2575464.1,856
1787114385,2026-08-19 04:39:45,214326,67723,144,100,50,74,149332497.8,2575985.59,856
1787116764,2026-08-19 05:19:24,214372,67730,144,100,50,74,149396861.1,2577095.85,857
1787118512,2026-08-19 05:48:32,214406,67737,144,100,50,74,149413492.6,2577382.75,856
1787121148,2026-08-19 06:32:28,214479,67750,144,100,50,74,149467245.4,2578309.98,856
1787124168,2026-08-19 07:22:48,214573,67770,144,100,50,74,149538706.4,2579542.68,856
1787126605,2026-08-19 08:03:25,214639,67779,144,100,50,74,149584731.0,2580336.61,856
1787129234,2026-08-19 08:47:14,214716,67795,144,100,50,74,149653775.6,2581527.63,856
1787131284,2026-08-19 09:21:24,214807,67812,144,100,50,74,149732021.3,2582877.37,857
1787133495,2026-08-19 09:58:15,214873,67821,144,100,50,74,149803755.6,2584114.78,857
1787135520,2026-08-19 10:32:00,214934,67835,144,100,50,74,149867619.8,2585216.44,857
1787136740,2026-08-19 10:52:20,214995,67847,144,100,50,74,149933522.4,2586353.26,857
1787138993,2026-08-19 11:29:53,215082,67868,144,100,50,74,150027024.0,2587966.16,857
1787140006,2026-08-19 11:46:46,215161,67890,144,100,50,74,150089103.6,2589037.04,857
1787144020,2026-08-19 12:53:40,215372,67980,144,100,50,74,150254636.6,2591892.48,857
1787146963,2026-08-19 13:42:43,215562,68047,144,100,50,74,150365308.7,2593801.58,857
1787149197,2026-08-19 14:19:57,215812,68191,144,100,50,74,150574735.2,2597414.18,857
1787151142,2026-08-19 14:52:22,215963,68252,144,100,50,74,150674362.2,2599132.75,857
1787153496,2026-08-19 15:31:36,216105,68277,144,100,50,74,150745330.8,2600356.96,857
1787154945,2026-08-19 15:55:45,216217,68300,144,100,50,74,150799607.4,2601293.23,857
1787157139,2026-08-19 16:32:19,216352,68327,144,100,50,74,150891967.2,2602886.43,857
1787158955,2026-08-19 17:02:35,216445,68347,144,100,50,74,150952230.6,2603925.98,857
1787160544,2026-08-19 17:29:04,216556,68375,144,100,50,74,151027024.0,2605216.16,857
1787161768,2026-08-19 17:49:28,216637,68396,144,100,50,74,151093177.4,2606357.31,857
1787164765,2026-08-19 18:39:25,216788,68428,144,100,50,74,151207252.1,2608325.1,857
1787166258,2026-08-19 19:04:18,216892,68446,144,100,50,74,151268228.4,2609376.94,857
1787167967,2026-08-19 19:32:47,217009,68462,144,100,50,74,151346351.8,2610724.57,857
1787168927,2026-08-19 19:48:47,217080,68477,144,100,50,74,151397594.3,2611608.5,857
1787171204,2026-08-19 20:26:44,217218,68515,144,100,50,74,151500879.0,2613390.16,857
1787172584,2026-08-19 20:49:44,217287,68538,144,100,50,74,151560322.5,2614415.56,857
1787174509,2026-08-19 21:21:49,217394,68556,144,100,50,74,151649961.2,2615961.83,857
1787175700,2026-08-19 21:41:40,217470,68571,144,100,50,74,151706676.1,2616940.16,857
1787178165,2026-08-19 22:22:45,217565,68592,144,100,50,74,151768527.8,2618007.11,857
1787179162,2026-08-19 22:39:22,217639,68605,144,100,50,74,151833650.5,2619130.47,857
1787181303,2026-08-19 23:15:03,217701,68620,144,100,50,74,151872020.8,2619792.36,857
1787182607,2026-08-19 23:36:47,217756,68632,144,100,50,74,151899961.6,2620274.34,857
1787184614,2026-08-20 00:10:14,217849,68651,144,100,50,74,151951064.6,2621155.86,857
1787190224,2026-08-20 01:43:44,217961,68668,144,100,50,74,152011775.6,2622203.13,857
1787194493,2026-08-20 02:54:53,218042,68682,144,100,50,74,152053084.1,2622915.7,857
1787197421,2026-08-20 03:43:41,218096,68695,144,100,50,74,152106959.7,2623845.05,857
1787199789,2026-08-20 04:23:09,218152,68704,144,100,50,74,152152384.1,2624628.63,857
1787201086,2026-08-20 04:44:46,218195,68709,144,100,50,74,152206624.9,2625564.28,857
1787203795,2026-08-20 05:29:55,218234,68714,144,100,50,74,152244775.8,2626222.38,857
1787205031,2026-08-20 05:50:31,218295,68721,144,100,50,74,152287793.1,2626964.43,857
1787209375,2026-08-20 07:02:55,218399,68733,144,100,50,74,152360737.2,2628222.72,857
1787211698,2026-08-20 07:41:38,218477,68748,144,100,50,74,152420691.0,2629256.92,857
1787214007,2026-08-20 08:20:07,218561,68764,144,100,50,74,152488854.5,2630432.74,857
1787216997,2026-08-20 09:09:57,218631,68772,144,100,50,74,152572491.2,2631875.47,857
1787219212,2026-08-20 09:46:52,218713,68786,144,100,50,74,152646526.8,2633152.59,857
1787221735,2026-08-20 10:28:55,218791,68800,144,100,50,74,152725604.2,2634516.67,857
1787223245,2026-08-20 10:54:05,218857,68810,144,100,50,74,152807594.9,2635931.01,858
1787225468,2026-08-20 11:31:08,218933,68822,144,100,50,74,152860180.9,2636838.12,858
1787226353,2026-08-20 11:45:53,218992,68833,144,100,50,74,152907593.2,2637655.98,858
1787230994,2026-08-20 13:03:14,219115,68854,144,100,50,74,152984513.5,2638982.86,857
1787233911,2026-08-20 13:51:51,219257,68891,144,100,50,74,153057596.2,2640243.53,857
1787236584,2026-08-20 14:36:24,219388,68918,144,100,50,74,153159181.1,2641995.87,857
1787238462,2026-08-20 15:07:42,219472,68934,144,100,50,74,153208764.2,2642851.18,857
1787240873,2026-08-20 15:47:53,219609,68958,144,100,50,74,153288434.0,2644225.49,857
1787243256,2026-08-20 16:27:36,219750,68997,144,100,50,74,153377098.8,2645754.95,857
1787244929,2026-08-20 16:55:29,219852,69011,144,100,50,74,153452507.3,2647055.75,857
1787247351,2026-08-20 17:35:51,219967,69038,144,100,50,74,153537378.5,2648519.78,857
1787248998,2026-08-20 18:03:18,220089,69061,144,100,50,74,153628897.1,2650098.48,857
1787250985,2026-08-20 18:36:25,220196,69086,144,100,50,74,153694005.2,2651221.59,857
1787254263,2026-08-20 19:31:03,220205,69090,144,100,50,74,153694511.8,2651230.33,857
1787255830,2026-08-20 19:57:10,220233,69102,144,100,50,74,153704237.0,2651398.09,857
1787258163,2026-08-20 20:36:03,220320,69131,144,100,50,74,153756450.0,2652298.76,857
1787259512,2026-08-20 20:58:32,220376,69149,144,100,50,74,153824937.1,2653480.16,857
1787261216,2026-08-20 21:26:56,220449,69174,144,100,50,74,153879107.3,2654414.6,857
1787263109,2026-08-20 21:58:29,220513,69190,144,100,50,74,153910965.6,2654964.16,857
1787264853,2026-08-20 22:27:33,220605,69217,144,100,50,74,153957272.6,2655762.95,857
1787266733,2026-08-20 22:58:53,220668,69231,144,100,50,74,153994151.0,2656399.1,857
1787268326,2026-08-20 23:25:26,220745,69259,144,100,50,74,154034704.4,2657098.65,857
1787269625,2026-08-20 23:47:05,220809,69277,144,100,50,74,154068894.7,2657688.43,857
1787276355,2026-08-21 01:39:15,220940,69300,144,100,50,74,154129889.5,2658740.59,857
1787280264,2026-08-21 02:44:24,221016,69318,144,100,50,74,154188397.4,2659749.86,857
1787283419,2026-08-21 03:36:59,221081,69326,144,100,50,74,154227044.1,2660416.51,857
1787285757,2026-08-21 04:15:57,221136,69333,144,100,50,74,154269314.6,2661145.68,857
1787288313,2026-08-21 04:58:33,221185,69340,144,100,50,74,154304899.8,2661759.52,857
1787289964,2026-08-21 05:26:04,221231,69351,144,100,50,74,154347579.9,2662495.75,857
1787292551,2026-08-21 06:09:11,221284,69363,144,100,50,74,154378834.2,2663034.89,857
1787296254,2026-08-21 07:10:54,221373,69373,144,100,50,74,154445449.8,2664184.01,857
1787297820,2026-08-21 07:37:00,221432,69380,144,100,50,74,154494863.0,2665036.39,857
1787301636,2026-08-21 08:40:36,221503,69394,144,100,50,74,154553255.4,2666043.66,857
1787304597,2026-08-21 09:29:57,221585,69411,144,100,50,74,154616203.8,2667129.51,857
1787306270,2026-08-21 09:57:50,221645,69426,144,100,50,74,154663047.4,2667937.57,857
1787307671,2026-08-21 10:21:11,221720,69433,144,100,50,74,154722453.2,2668962.32,857
1787310078,2026-08-21 11:01:18,221774,69441,144,100,50,74,154773647.2,2669845.41,857
1787312021,2026-08-21 11:33:41,221838,69453,144,100,50,74,154830337.1,2670823.32,857
1787313898,2026-08-21 12:04:58,221912,69462,144,100,50,74,154901896.8,2672057.72,857
1787317394,2026-08-21 13:03:14,222048,69489,144,100,50,74,155012423.1,2673964.3,857
1787320085,2026-08-21 13:48:05,222159,69509,144,100,50,74,155097204.0,2675426.77,857
1787322749,2026-08-21 14:32:29,222294,69525,144,100,50,74,155174875.8,2676766.61,857
1787324772,2026-08-21 15:06:12,222389,69539,144,100,50,74,155254149.9,2678134.08,857
1787326645,2026-08-21 15:37:25,222518,69564,144,100,50,74,155324614.2,2679349.59,857
1787329087,2026-08-21 16:18:07,222657,69598,144,100,50,74,155391914.1,2680510.52,857
1787331063,2026-08-21 16:51:03,222784,69632,144,100,50,74,155467745.0,2681818.6,857
1787332798,2026-08-21 17:19:58,222933,69671,144,100,50,74,155569722.2,2683577.71,857
1787334616,2026-08-21 17:50:16,223051,69693,144,100,50,74,155662073.1,2685170.76,857
1787337462,2026-08-21 18:37:42,223234,69736,144,100,50,74,155813782.2,2687787.74,857
1787339269,2026-08-21 19:07:49,223364,69769,144,100,50,74,155920328.7,2689625.67,857
1787340628,2026-08-21 19:30:28,223471,69793,144,100,50,74,155994494.7,2690905.03,857
1787341452,2026-08-21 19:44:12,223535,69805,144,100,50,74,156053584.6,2691924.33,857
1787343712,2026-08-21 20:21:52,223667,69838,144,100,50,74,156178870.9,2694085.52,857
1787345091,2026-08-21 20:44:51,223741,69857,144,100,50,74,156238690.7,2695117.41,857
1787347019,2026-08-21 21:16:59,223840,69878,144,100,50,74,156335665.6,2696790.23,858
1787347896,2026-08-21 21:31:36,223903,69889,144,100,50,74,156384645.7,2697635.14,858
1787350281,2026-08-21 22:11:21,223998,69915,144,100,50,74,156433884.3,2698484.5,857
1787351731,2026-08-21 22:35:31,224068,69928,144,100,50,74,156474842.4,2699191.03,857
1787353288,2026-08-21 23:01:28,224132,69944,144,100,50,74,156512199.3,2699835.44,857
1787354282,2026-08-21 23:18:02,224176,69951,144,100,50,74,156542368.9,2700355.86,857
1787355605,2026-08-21 23:40:05,224221,69960,144,100,50,74,156570897.3,2700847.98,857
1787362416,2026-08-22 01:33:36,224345,69987,144,100,50,74,156653180.4,2702267.36,857
1787365633,2026-08-22 02:27:13,224417,69999,144,100,50,74,156699201.0,2703061.22,857
1787367469,2026-08-22 02:57:49,224469,70008,144,100,50,74,156728357.8,2703564.17,857
1787370442,2026-08-22 03:47:22,224517,70014,144,100,50,74,156759022.3,2704093.13,857
1787372982,2026-08-22 04:29:42,224557,70018,144,100,50,74,156781809.2,2704486.21,857
1787374623,2026-08-22 04:57:03,224591,70021,144,100,50,74,156802363.7,2704840.77,857
1787376523,2026-08-22 05:28:43,224632,70027,144,100,50,74,156831957.7,2705351.27,857
1787377679,2026-08-22 05:47:59,224668,70032,144,100,50,74,156863776.2,2705900.14,857
1787380117,2026-08-22 06:28:37,224729,70039,144,100,50,74,156909550.5,2706689.75,857
1787383695,2026-08-22 07:28:15,224808,70056,144,100,50,74,156966990.6,2707680.59,857
1787384914,2026-08-22 07:48:34,224851,70064,144,100,50,74,156997137.0,2708200.61,857
1787387102,2026-08-22 08:25:02,224922,70075,144,100,50,74,157047438.8,2709068.32,857
1787387102,2026-08-22 08:25:02,224972,70080,144,100,50,74,157084626.1,2709709.8,857
1787390091,2026-08-22 09:14:51,225030,70087,144,100,50,74,157135847.8,2710593.37,857
1787391309,2026-08-22 09:35:09,225070,70092,144,100,50,74,157169212.7,2711168.92,857
1787393794,2026-08-22 10:16:34,225142,70112,144,100,50,74,157234642.3,2712297.58,857
1787395161,2026-08-22 10:39:21,225193,70119,144,100,50,74,157288970.7,2713234.74,857
1787397228,2026-08-22 11:13:48,225248,70128,144,100,50,74,157343962.4,2714183.35,857
1787397915,2026-08-22 11:25:15,225291,70135,144,100,50,74,157389561.9,2714969.94,857
1787399358,2026-08-22 11:49:18,225329,70141,144,100,50,74,157427193.5,2715619.09,857
1787402738,2026-08-22 12:45:38,225420,70156,144,100,50,74,157510753.6,2717060.5,858
1787405041,2026-08-22 13:24:01,225503,70172,144,100,50,74,157567233.3,2718034.77,858
1787406235,2026-08-22 13:43:55,225556,70182,144,100,50,74,157596819.1,2718545.13,857
1787407569,2026-08-22 14:06:09,225633,70192,144,100,50,74,157640436.3,2719297.53,857
1787409228,2026-08-22 14:33:48,225695,70209,144,100,50,74,157676604.0,2719921.42,857
1787410642,2026-08-22 14:57:22,225756,70219,144,100,50,74,157702993.3,2720376.64,857
1787411925,2026-08-22 15:18:45,225836,70236,144,100,50,74,157752352.1,2721228.07,857
1787412933,2026-08-22 15:35:33,225898,70243,144,100,50,74,157800923.2,2722065.93,857
1787414942,2026-08-22 16:09:02,226003,70260,144,100,50,74,157866611.5,2723199.05,857
1787416237,2026-08-22 16:30:37,226100,70283,144,100,50,74,157929429.4,2724282.66,857
1787417761,2026-08-22 16:56:01,226167,70295,144,100,50,74,157974985.6,2725068.5,857
1787419443,2026-08-22 17:24:03,226254,70313,144,100,50,74,158040245.5,2726194.23,857
1787420185,2026-08-22 17:36:25,226342,70333,144,100,50,74,158111304.3,2727420.0,857
1787422747,2026-08-22 18:19:07,226461,70346,144,100,50,74,158200746.7,2728962.88,857
1787424511,2026-08-22 18:48:31,226565,70364,144,100,50,74,158291496.9,2730528.32,857
1787426239,2026-08-22 19:17:19,226665,70388,144,100,50,74,158368578.0,2731857.97,858
1787427251,2026-08-22 19:34:11,226738,70402,144,100,50,74,158432409.7,2732959.07,858
1787428541,2026-08-22 19:55:41,226795,70411,144,100,50,74,158480405.1,2733786.99,858
1787430140,2026-08-22 20:22:20,226881,70427,144,100,50,74,158549234.5,2734974.29,858
1787431668,2026-08-22 20:47:48,226937,70441,144,100,50,74,158585521.2,2735600.24,858
1787433400,2026-08-22 21:16:40,227017,70459,144,100,50,74,158659537.4,2736877.02,858
1787434815,2026-08-22 21:40:15,227074,70472,144,100,50,74,158694513.1,2737480.35,858
1787436082,2026-08-22 22:01:22,227121,70483,144,100,50,74,158727590.1,2738050.93,858
1787436740,2026-08-22 22:12:20,227175,70492,144,100,50,74,158764866.6,2738693.95,858
1787438781,2026-08-22 22:46:21,227219,70505,144,100,50,74,158805028.9,2739386.75,858
1787440295,2026-08-22 23:11:35,227266,70511,144,100,50,74,158836830.4,2739935.32,858
1787441658,2026-08-22 23:34:18,227293,70518,144,100,50,74,158858640.2,2740311.54,858
1787444916,2026-08-23 00:28:36,227349,70533,144,100,50,74,158885827.7,2740780.53,858
1787450252,2026-08-23 01:57:32,227418,70546,144,100,50,74,158920834.7,2741384.4,858
1787454036,2026-08-23 03:00:36,227478,70557,144,100,50,74,158949043.6,2741871.0,858
1787456355,2026-08-23 03:39:15,227534,70566,144,100,50,74,158992202.6,2742615.5,858
1787457947,2026-08-23 04:05:47,227569,70569,144,100,50,74,159029553.7,2743259.8,858
1787461286,2026-08-23 05:01:26,227610,70574,144,100,50,74,159059718.7,2743780.15,858
1787462667,2026-08-23 05:24:27,227639,70577,144,100,50,74,159080355.9,2744136.14,858
1787464586,2026-08-23 05:56:26,227687,70582,144,100,50,74,159119161.5,2744805.54,858
1787467853,2026-08-23 06:50:53,227750,70585,144,100,50,74,159156414.1,2745448.14,858
1787469382,2026-08-23 07:16:22,227802,70592,144,100,50,74,159196972.6,2746147.78,858
1787470552,2026-08-23 07:35:52,227840,70599,144,100,50,74,159226129.1,2746650.73,858
1787473577,2026-08-23 08:26:17,227898,70608,144,100,50,74,159278862.4,2747560.38,858
1787475134,2026-08-23 08:52:14,227944,70615,144,100,50,74,159324640.1,2748350.04,858
1787476058,2026-08-23 09:07:38,228004,70625,144,100,50,74,159375367.9,2749225.1,858
1787478381,2026-08-23 09:46:21,228052,70630,144,100,50,74,159414530.1,2749900.64,858
1787480697,2026-08-23 10:24:57,228108,70640,144,100,50,74,159470485.1,2750865.87,858
1787481767,2026-08-23 10:42:47,228158,70643,144,100,50,74,159517774.3,2751681.61,858
1787483350,2026-08-23 11:09:10,228212,70652,144,100,50,74,159561384.3,2752433.88,858
1787484888,2026-08-23 11:34:48,228247,70656,144,100,50,74,159587995.5,2752892.92,858
1787485868,2026-08-23 11:51:08,228306,70669,144,100,50,74,159641029.6,2753807.76,858
1787489035,2026-08-23 12:43:55,228389,70684,144,100,50,74,159704772.7,2754907.33,858
1787491925,2026-08-23 13:32:05,228485,70699,144,100,50,74,159773114.5,2756086.23,858
1787492743,2026-08-23 13:45:43,228543,70712,144,100,50,74,159812015.9,2756757.27,858
1787495072,2026-08-23 14:24:32,228641,70725,144,100,50,74,159882384.5,2757971.13,858
1787495819,2026-08-23 14:36:59,228699,70733,144,100,50,74,159913320.6,2758504.78,858
1787498397,2026-08-23 15:19:57,228806,70751,144,100,50,74,159968733.8,2759460.66,858
1787499704,2026-08-23 15:41:44,228880,70764,144,100,50,74,160026852.9,2760463.21,858
1787500902,2026-08-23 16:01:42,229004,70799,144,100,50,74,160103389.1,2761783.46,858
1787502998,2026-08-23 16:36:38,229128,70826,144,100,50,74,160174039.8,2763002.19,858
1787503698,2026-08-23 16:48:18,229218,70841,144,100,50,74,160234030.5,2764037.03,858
1787505741,2026-08-23 17:22:21,229309,70868,144,100,50,74,160296491.3,2765114.47,858
1787506448,2026-08-23 17:34:08,229391,70887,144,100,50,74,160358299.7,2766180.67,858
1787508436,2026-08-23 18:07:16,229501,70917,144,100,50,74,160439308.5,2767578.07,858
1787510406,2026-08-23 18:40:06,229638,70941,144,100,50,74,160555168.8,2769576.66,858
1787512561,2026-08-23 19:16:01,229754,70971,144,100,50,74,160642843.2,2771089.05,858
1787513556,2026-08-23 19:32:36,229836,70980,144,100,50,74,160687472.5,2771858.9,858
1787514042,2026-08-23 19:40:42,229892,70990,144,100,50,74,160727313.7,2772546.16,858
1787516319,2026-08-23 20:18:39,230011,71019,144,100,50,74,160817826.2,2774107.5,858
1787517511,2026-08-23 20:38:31,230072,71034,144,100,50,74,160857884.4,2774798.51,858
1787519033,2026-08-23 21:03:53,230156,71055,144,100,50,74,160927425.0,2775998.08,858
1787520465,2026-08-23 21:27:45,230228,71069,144,100,50,74,160981946.9,2776938.58,858
1787521534,2026-08-23 21:45:34,230269,71080,144,100,50,74,161010579.0,2777432.49,858
1787523308,2026-08-23 22:15:08,230350,71098,144,100,50,74,161044891.2,2778024.37,858
1787524973,2026-08-23 22:42:53,230400,71109,144,100,50,74,161079101.7,2778614.5,858
1787526426,2026-08-23 23:07:06,230463,71122,144,100,50,74,161115756.0,2779246.79,857
1787527663,2026-08-23 23:27:43,230500,71126,144,100,50,74,161134023.0,2779561.9,857
1787528348,2026-08-23 23:39:08,230537,71134,144,100,50,74,161159335.3,2779998.53,857
1787535060,2026-08-24 01:31:00,230652,71161,144,100,50,74,161219267.6,2781032.37,857
1787539225,2026-08-24 02:40:25,230726,71173,144,100,50,74,161276473.7,2782019.17,857
1787542617,2026-08-24 03:36:57,230803,71179,144,100,50,74,161323249.8,2782826.06,857
1787544809,2026-08-24 04:13:29,230851,71182,144,100,50,74,161353876.9,2783354.38,857
1787547951,2026-08-24 05:05:51,230896,71189,144,100,50,74,161386446.9,2783916.21,857
1787549948,2026-08-24 05:39:08,230944,71193,144,100,50,74,161431690.3,2784696.66,857
1787553792,2026-08-24 06:43:12,231027,71201,144,100,50,74,161482641.4,2785575.56,857
1787557710,2026-08-24 07:48:30,231116,71214,144,100,50,74,161550082.6,2786738.93,857
1787560792,2026-08-24 08:39:52,231232,71234,144,100,50,74,161622982.3,2787996.44,857
1787564074,2026-08-24 09:34:34,231328,71247,144,100,50,74,161694835.7,2789235.92,857
1787567068,2026-08-24 10:24:28,231391,71252,144,100,50,74,161746997.7,2790135.71,857
1787568580,2026-08-24 10:49:40,231459,71261,144,100,50,74,161810099.0,2791224.21,857
1787571077,2026-08-24 11:31:17,231520,71267,144,100,50,74,161857442.2,2792040.88,857
1787571776,2026-08-24 11:42:56,231593,71282,144,100,50,74,161906608.5,2792889.0,857
1787577001,2026-08-24 13:10:01,231788,71348,144,100,50,74,162053213.0,2795417.92,857
1787579815,2026-08-24 13:56:55,231933,71370,144,100,50,74,162141380.7,2796938.82,857
1787582987,2026-08-24 14:49:47,232075,71403,144,100,50,74,162211676.9,2798151.43,857
1787585956,2026-08-24 15:39:16,232248,71433,144,100,50,74,162303570.1,2799736.58,857
1787587698,2026-08-24 16:08:18,232376,71458,144,100,50,74,162368439.3,2800855.58,857
1787590410,2026-08-24 16:53:30,232534,71485,144,100,50,74,162461123.7,2802454.38,857
1787592567,2026-08-24 17:29:27,232666,71522,144,100,50,74,162545544.4,2803910.64,857
1787594609,2026-08-24 18:03:29,232785,71546,144,100,50,74,162616967.4,2805142.69,857
1787597455,2026-08-24 18:50:55,232959,71597,144,100,50,74,162766178.1,2807716.57,857
1787599010,2026-08-24 19:16:50,233075,71617,144,100,50,74,162839174.3,2808975.76,857
1787600790,2026-08-24 19:46:30,233166,71633,144,100,50,74,162891130.7,2809872.0,857
1787603232,2026-08-24 20:27:12,233317,71669,144,100,50,74,163016412.3,2812033.11,857
1787605193,2026-08-24 20:59:53,233398,71682,144,100,50,74,163080724.3,2813142.49,857
1787607147,2026-08-24 21:32:27,233500,71711,144,100,50,74,163147228.8,2814289.7,857
1787608761,2026-08-24 21:59:21,233558,71721,144,100,50,74,163184066.8,2814925.15,857
1787610754,2026-08-24 22:32:34,233635,71735,144,100,50,74,163217574.9,2815503.17,857
1787612133,2026-08-24 22:55:33,233685,71743,144,100,50,74,163244663.5,2815970.45,857
1787613527,2026-08-24 23:18:47,233732,71747,144,100,50,74,163280064.8,2816581.12,857
1787614581,2026-08-24 23:36:21,233771,71760,144,100,50,74,163304935.9,2817010.14,857
1787619636,2026-08-25 01:00:36,233901,71790,144,100,50,74,163376976.3,2818252.84,857
1787623756,2026-08-25 02:09:16,233977,71803,144,100,50,74,163402228.1,2818688.43,856
1787627567,2026-08-25 03:12:47,234055,71813,144,100,50,74,163447043.3,2819461.5,856
1787629770,2026-08-25 03:49:30,234100,71821,144,100,50,74,163468668.2,2819834.53,856
1787632686,2026-08-25 04:38:06,234146,71828,144,100,50,74,163502586.9,2820419.62,856
1787635311,2026-08-25 05:21:51,234195,71832,144,100,50,74,163543380.3,2821123.31,856
1787636459,2026-08-25 05:40:59,234239,71834,144,100,50,74,163571642.6,2821610.84,856
1787640537,2026-08-25 06:48:57,234316,71841,144,100,50,74,163624850.5,2822528.67,856
1787643440,2026-08-25 07:37:20,234398,71850,144,100,50,74,163680784.9,2823493.54,856
1787646135,2026-08-25 08:22:15,234474,71863,144,100,50,74,163750361.1,2824693.73,856
1787648739,2026-08-25 09:05:39,234556,71868,144,100,50,74,163810896.7,2825737.97,856
1787650469,2026-08-25 09:34:29,234623,71878,144,100,50,74,163855104.9,2826500.56,856
1787653794,2026-08-25 10:29:54,234696,71888,144,100,50,74,163915313.0,2827539.15,856
1787654942,2026-08-25 10:49:02,234739,71896,144,100,50,74,163955430.6,2828231.18,856
1787656182,2026-08-25 11:09:42,234805,71903,144,100,50,74,164015101.9,2829260.51,856
1787658271,2026-08-25 11:44:31,234863,71911,144,100,50,74,164076732.5,2830323.63,856
1787662276,2026-08-25 12:51:16,234999,71939,144,100,50,74,164182258.3,2832143.96,856
1787665550,2026-08-25 13:45:50,235134,71956,144,100,50,74,164256198.5,2833419.42,856
1787669043,2026-08-25 14:44:03,235289,71983,144,100,50,74,164326732.3,2834636.13,856
